PMID,Title,Authors,Year,URL,DOI
,Erroneous analyses of interactions in neuroscience: a problem of significance,"Sander Nieuwenhuis, Birte U Forstmann, Eric-Jan Wagenmakers",2011,https://doi.org/10.1038/nn.2886,10.1038/nn.2886
,The neural basis of the speed–accuracy tradeoff,"Rafal Bogacz, Eric-Jan Wagenmakers, Birte U Forstmann, Sander Nieuwenhuis",2010,https://doi.org/10.1007/978-1-4614-6675-8_319,10.1007/978-1-4614-6675-8_319
,Striatum and pre-SMA facilitate decision-making under time pressure,"Birte U Forstmann, Gilles Dutilh, Scott Brown, Jane Neumann, D Yves Von Cramon, K Richard Ridderinkhof, Eric-Jan Wagenmakers",2008,https://doi.org/10.1073/pnas.0805903105,10.1073/pnas.0805903105
PMC5112760,"Sequential sampling models in cognitive neuroscience: Advantages, applications, and extensions","Birte U Forstmann, Roger Ratcliff, E-J Wagenmakers",2016,https://doi.org/10.1146/annurev-psych-122414-033645,10.1146/annurev-psych-122414-033645
,The role of the inferior frontal junction area in cognitive control,"Marcel Brass, Jan Derrfuss, Birte Forstmann, D Yves von Cramon",2005,https://doi.org/10.1016/j.tics.2005.05.001,10.1016/j.tics.2005.05.001
,Bias in the brain: a diffusion model analysis of prior probability and potential payoff,"Martijn J Mulder, Eric-Jan Wagenmakers, Roger Ratcliff, Wouter Boekel, Birte U Forstmann",2012,https://doi.org/10.1523/jneurosci.4156-11.2012,10.1523/jneurosci.4156-11.2012
,Cortico-striatal connections predict control over speed and accuracy in perceptual decision making,"Birte U Forstmann, Alfred Anwander, Andreas Schäfer, Jane Neumann, Scott Brown, Eric-Jan Wagenmakers, Rafal Bogacz, Robert Turner",2010,https://doi.org/10.1016/j.neures.2010.07.428,10.1016/j.neures.2010.07.428
fCv1lSsAAAAJ:EUQCXRtRnyEC,Neurotransmitters as food supplements: the effects of GABA on brain and behavior,"Evert Boonstra, Roy De Kleijn, Lorenza S Colzato, Anneke Alkemade, Birte U Forstmann, Sander Nieuwenhuis",2015,https://doi.org/10.3389/fpsyg.2015.01520,10.3389/fpsyg.2015.01520
,Testing theories of post-error slowing,"Gilles Dutilh, Joachim Vandekerckhove, Birte U Forstmann, Emmanuel Keuleers, Marc Brysbaert, Eric-Jan Wagenmakers",2012,https://doi.org/10.1037/e520602012-241,10.1037/e520602012-241
,Effective connectivity reveals important roles for both the hyperdirect (fronto-subthalamic) and the indirect (fronto-striatal-pallidal) fronto-basal ganglia pathways during response inhibition,"Sara Jahfari, Lourens Waldorp, Wery PM van den Wildenberg, H Steven Scholte, K Richard Ridderinkhof, Birte U Forstmann",2011,https://doi.org/10.1523/jneurosci.5253-10.2011,10.1523/jneurosci.5253-10.2011
,Revisiting the evidence for collapsing boundaries and urgency signals in perceptual decision-making,"Guy E Hawkins, Birte U Forstmann, Eric-Jan Wagenmakers, Roger Ratcliff, Scott D Brown",2015,https://doi.org/10.1523/jneurosci.2410-14.2015,10.1523/jneurosci.2410-14.2015
,Posterior medial frontal cortex activity predicts post-error adaptations in task-related visual and motor areas,"Claudia Danielmeier, Tom Eichele, Birte U Forstmann, Marc Tittgemeyer, Markus Ullsperger",2011,https://doi.org/10.1523/jneurosci.4299-10.2011,10.1523/jneurosci.4299-10.2011
PMC5125216,Frontosubthalamic circuits for control of action and cognition,"Adam R Aron, Damian M Herz, Peter Brown, Birte U Forstmann, Kareem Zaghloul",2016,https://doi.org/10.1523/jneurosci.2348-16.2016,10.1523/jneurosci.2348-16.2016
,The speed-accuracy tradeoff in the elderly brain: a structural model-based approach,"Birte U Forstmann, Marc Tittgemeyer, Eric-Jan Wagenmakers, Jan Derrfuss, Davide Imperati, Scott Brown",2011,https://doi.org/10.1523/jneurosci.0309-11.2011,10.1523/jneurosci.0309-11.2011
,Function and structure of the right inferior frontal cortex predict individual differences in response inhibition: a model-based approach,"Birte U Forstmann, Sara Jahfari, H Steven Scholte, Uta Wolfensteller, Wery PM van den Wildenberg, K Richard Ridderinkhof",2008,https://doi.org/10.1523/jneurosci.1465-08.2008,10.1523/jneurosci.1465-08.2008
,How to measure post-error slowing: A confound and a simple solution,"Gilles Dutilh, Don Van Ravenzwaaij, Sander Nieuwenhuis, Han LJ Van der Maas, Birte U Forstmann, Eric-Jan Wagenmakers",2012,https://doi.org/10.1016/j.jmp.2012.04.001,10.1016/j.jmp.2012.04.001
,When the brain takes a break: A model-based analysis of mind wandering,"Matthias Mittner, Wouter Boekel, Adrienne M Tucker, Brandon M Turner, Andrew Heathcote, Birte U Forstmann",2014,https://doi.org/10.1523/jneurosci.1158-17.2017,10.1523/jneurosci.1158-17.2017
,To head or to heed? Beyond the surface of selective action inhibition: a review,"Wery PM Van Den Wildenberg, Scott A Wylie, Birte U Forstmann, Borís Burle, Thierry Hasbroucq, K Richard Ridderinkhof",2010,https://doi.org/10.3389/fnhum.2010.00222,10.3389/fnhum.2010.00222
,Perceptual decision neurosciences–a model-based review,"MJ Mulder, L Van Maanen, BU Forstmann",2014,https://doi.org/10.1016/j.neuroscience.2014.07.031,10.1016/j.neuroscience.2014.07.031
,Quantifying inter-individual anatomical variability in the subcortex using 7 T structural MRI,"Max C Keuken, P-L Bazin, L Crown, J Hootsmans, A Laufer, Christa Müller-Axt, R Sier, EJ van der Putten, Andreas Schäfer, Robert Turner, Birte U Forstmann",2014,https://doi.org/10.1016/j.neuroimage.2014.03.032,10.1016/j.neuroimage.2014.03.032
PMC6863443,Approaches to analysis in model-based cognitive neuroscience,"Brandon M Turner, Birte U Forstmann, Bradley C Love, Thomas J Palmeri, Leendert Van Maanen",2017,https://doi.org/10.1007/978-3-031-45271-0_1,10.1007/978-3-031-45271-0_1
25684445,A purely confirmatory replication study of structural brain-behavior correlations,"Wouter Boekel, Eric-Jan Wagenmakers, Luam Belay, Josine Verhagen, Scott Brown, Birte U Forstmann",2015,https://doi.org/10.1016/j.cortex.2014.11.019,10.1016/j.cortex.2014.11.019
,A Bayesian framework for simultaneously modeling neural and behavioral data,"Brandon M Turner, Birte U Forstmann, Eric-Jan Wagenmakers, Scott D Brown, Per B Sederberg, Mark Steyvers",2013,https://doi.org/10.1016/j.neuroimage.2013.01.048,10.1016/j.neuroimage.2013.01.048
27353574,A neural model of mind wandering,"Matthias Mittner, Guy E Hawkins, Wouter Boekel, Birte U Forstmann",2016,https://doi.org/10.1016/j.tics.2017.04.008,10.1016/j.tics.2017.04.008
,"Neural mechanisms, temporal dynamics, and individual differences in interference control","Birte U Forstmann, Wery PM van den Wildenberg, K Richard Ridderinkhof",2008,https://doi.org/10.1037/e512682013-126,10.1037/e512682013-126
,An introduction to model-based cognitive neuroscience,"Birte U Forstmann, Eric-Jan Wagenmakers",2015,https://doi.org/10.1007/978-3-031-45271-0_1,10.1007/978-3-031-45271-0_1
,Neurocognitive mechanisms of action control: resisting the call of the Sirens.,"Richard Ridderinkhof, Birte U Forstmann, Scott A Wylie, Borís Burle, Wery PM van den Wildenberg",2010,https://doi.org/10.1002/wcs.99,10.1002/wcs.99
,Neural correlates of trial-to-trial fluctuations in response caution,"Leendert Van Maanen, Scott D Brown, Tom Eichele, Eric-Jan Wagenmakers, Tiffany Ho, John Serences, Birte U Forstmann",2011,https://doi.org/10.1523/jneurosci.2924-11.2011,10.1523/jneurosci.2924-11.2011
,"Advance preparation in task-switching: converging evidence from behavioral, brain activation, and model-based approaches","Frini Karayanidis, Sharna Jamadar, Hannes Ruge, Natalie Phillips, Andrew Heathcote, Birte U Forstmann",2010,https://doi.org/10.3389/fpsyg.2010.00025,10.3389/fpsyg.2010.00025
,Reciprocal relations between cognitive neuroscience and formal cognitive models: opposites attract?,"Birte U Forstmann, Eric-Jan Wagenmakers, Tom Eichele, Scott Brown, John T Serences",2011,https://doi.org/10.1016/j.tics.2011.04.002,10.1016/j.tics.2011.04.002
,Cortico-subthalamic white matter tract strength predicts interindividual efficacy in stopping a motor response,"Birte U Forstmann, Max C Keuken, Sara Jahfari, Pierre-Louis Bazin, Jane Neumann, Andreas Schäfer, Alfred Anwander, Robert Turner",2012,https://doi.org/10.1016/j.neuroimage.2011.12.044,10.1016/j.neuroimage.2011.12.044
,Voluntary selection of task sets revealed by functional magnetic resonance imaging,"Birte U Forstmann, Marcel Brass, Iring Koch, D Yves Von Cramon",2006,https://doi.org/10.1162/jocn.2006.18.3.388,10.1162/jocn.2006.18.3.388
,Informing cognitive abstractions through neuroimaging: the neural drift diffusion model.,"Brandon M Turner, Leendert Van Maanen, Birte U Forstmann",2015,https://doi.org/10.1037/a0038894.supp,10.1037/a0038894.supp
,How preparation changes the need for top–down control of the basal ganglia when inhibiting premature actions,"Sara Jahfari, Frederick Verbruggen, Michael J Frank, Lourens J Waldorp, Lorenza Colzato, K Richard Ridderinkhof, Birte U Forstmann",2012,https://doi.org/10.1523/jneurosci.0902-12.2012,10.1523/jneurosci.0902-12.2012
,Ultra-high 7T MRI of structural age-related changes of the subthalamic nucleus,"Max C Keuken, Pierre-Louis Bazin, Andreas Schäfer, Jane Neumann, Robert Turner, Birte U Forstmann",2013,https://doi.org/10.1523/jneurosci.3241-12.2013,10.1523/jneurosci.3241-12.2013
,Trial-by-trial fluctuations in CNV amplitude reflect anticipatory adjustment of response caution,"Udo Boehm, Leendert Van Maanen, Birte Forstmann, Hedderik van Rijn",2014,https://doi.org/10.1016/j.neuroimage.2014.03.063,10.1016/j.neuroimage.2014.03.063
27974841,Towards a mechanistic understanding of the human subcortex,"Birte U Forstmann, Gilles de Hollander, Leendert van Maanen, Anneke Alkemade, Max C Keuken",2017,https://doi.org/10.1038/nrn.2016.163,10.1038/nrn.2016.163
,The neural substrate of prior information in perceptual decision making: a model-based analysis,"Birte U Forstmann, Scott Brown, Gilles Dutilh, Jane Neumann, Eric-Jan Wagenmakers",2010,https://doi.org/10.3389/fnhum.2010.00040,10.3389/fnhum.2010.00040
,Internally generated and directly cued task sets: an investigation with fMRI,"Birte U Forstmann, Marcel Brass, Iring Koch, D Yves von Cramon",2005,https://doi.org/10.1016/j.neuropsychologia.2004.08.008,10.1016/j.neuropsychologia.2004.08.008
,Action video games do not improve the speed of information processing in simple perceptual tasks.,"Don van Ravenzwaaij, Wouter Boekel, Birte U Forstmann, Roger Ratcliff, Eric-Jan Wagenmakers",2014,https://doi.org/10.1037/a0036923.supp,10.1037/a0036923.supp
33011417,Probing the neural signature of mind wandering with simultaneous fMRI-EEG and pupillometry,"Josephine M Groot, Nya M Boayue, Gábor Csifcsák, Wouter Boekel, René Huster, Birte U Forstmann, Matthias Mittner",2021,https://doi.org/10.31234/osf.io/24v3r_v1,10.31234/osf.io/24v3r_v1
,Adjustments of response threshold during task switching: a model-based functional magnetic resonance imaging study,"Elise L Mansfield, Frini Karayanidis, Sharna Jamadar, Andrew Heathcote, Birte U Forstmann",2011,https://doi.org/10.1523/jneurosci.2390-11.2011,10.1523/jneurosci.2390-11.2011
,Direct visualization of the subthalamic nucleus and its iron distribution using high‐resolution susceptibility mapping,"Andreas Schäfer, Birte U Forstmann, Jane Neumann, Sam Wharton, Alexander Mietke, Richard Bowtell, Robert Turner",2012,https://doi.org/10.1002/hbm.21404,10.1002/hbm.21404
PMC5541117,"Effects of aging on , , and QSM MRI values in the subcortex","MC Keuken, P-L Bazin, K Backhouse, S Beekhuizen, L Himmer, A Kandola, JJ Lafeber, L Prochazkova, A Trutti, A Schäfer, Robert Turner, BU Forstmann",2017,https://doi.org/10.1007/s00429-016-1352-4,10.1007/s00429-016-1352-4
,The optimality of sensory processing during the speed–accuracy tradeoff,"Tiffany Ho, Scott Brown, Leendert van Maanen, Birte U Forstmann, Eric-Jan Wagenmakers, John T Serences",2012,https://doi.org/10.1523/jneurosci.0340-12.2012,10.1523/jneurosci.0340-12.2012
30888090,Blinding is compromised for transcranial direct current stimulation at 1 mA for 20 min in young healthy adults,"Zsolt Turi, Gábor Csifcsák, Nya Mehnwolo Boayue, Per Aslaksen, Andrea Antal, Walter Paulus, Josephine Groot, Guy E Hawkins, Birte Forstmann, Alexander Opitz, Axel Thielscher, Matthias Mittner",2019,https://doi.org/10.31234/osf.io/8ur6c_v1,10.31234/osf.io/8ur6c_v1
30710678,Functional neuroanatomical review of the ventral tegmental area,"Anne C Trutti, Martijn J Mulder, Bernhard Hommel, Birte U Forstmann",2019,https://doi.org/10.1016/j.neuroimage.2019.01.062,10.1016/j.neuroimage.2019.01.062
PMC5686260,In vivo visualization of the locus coeruleus in humans: quantifying the test–retest reliability,"Klodiana-Daphne Tona, Max C Keuken, Mischa de Rover, Egbert Lakke, Birte U Forstmann, Sander Nieuwenhuis, Matthias JP van Osch",2017,https://doi.org/10.1007/s00429-017-1464-5,10.1007/s00429-017-1464-5
,Individual differences in heart rate variability predict the degree of slowing during response inhibition and initiation in the presence of emotional stimuli,"Angelos-Miltiadis Krypotos, Sara Jahfari, Vanessa A van Ast, Merel Kindt, Birte U Forstmann",2011,https://doi.org/10.3389/fpsyg.2011.00278,10.3389/fpsyg.2011.00278
,"Comparing functional MRI protocols for small, iron‐rich basal ganglia nuclei such as the subthalamic nucleus at 7 T and 3 T","Gilles de Hollander, Max C Keuken, Wietske van der Zwaag, Birte U Forstmann, Robert Trampel",2017,https://doi.org/10.1002/hbm.23586,10.1002/hbm.23586
,A probabilistic atlas of the basal ganglia using 7 T MRI,"Max C Keuken, Birte U Forstmann",2015,https://doi.org/10.1016/j.dib.2015.07.028,10.1016/j.dib.2015.07.028
f2Q565cAAAAJ:Y0pCki6q_DkC,Parameter recovery for the leaky competing accumulator model,"Steven Miletić, Brandon M Turner, Birte U Forstmann, Leendert van Maanen",2017,https://doi.org/10.1016/j.jmp.2016.12.001,10.1016/j.jmp.2016.12.001
PMC5397046,Comparison of T2*-weighted and QSM contrasts in Parkinson's disease to visualize the STN with MRI,"Anneke Alkemade, Gilles de Hollander, Max C Keuken, Andreas Schäfer, Derek VM Ott, Johannes Schwarz, David Weise, Sonja A Kotz, Birte U Forstmann",2017,https://doi.org/10.1371/journal.pone.0176130,10.1371/journal.pone.0176130
,Functional connectivity of the striatum links motivation to action control in humans,"Helga A Harsay, Michael X Cohen, Nikolaas N Oosterhof, Birte U Forstmann, Rogier B Mars, K Richard Ridderinkhof",2011,https://doi.org/10.1523/jneurosci.5415-10.2011,10.1523/jneurosci.5415-10.2011
,Automatic segmentation of the striatum and globus pallidus using MIST: Multimodal Image Segmentation Tool,"Eelke Visser, Max C Keuken, Gwenaëlle Douaud, Veronique Gaura, Anne-Catherine Bachoud-Levi, Philippe Remy, Birte U Forstmann, Mark Jenkinson",2016,https://doi.org/10.1016/j.neuroimage.2015.10.013,10.1016/j.neuroimage.2015.10.013
fCv1lSsAAAAJ:yD5IFk8b50cC,Multi-modal ultra-high resolution structural 7-Tesla MRI data repository,"Birte U Forstmann, Max C Keuken, Andreas Schafer, Pierre-Louis Bazin, Anneke Alkemade, Robert Turner",2014,https://doi.org/10.1038/sdata.2014.50,10.1038/sdata.2014.50
fCv1lSsAAAAJ:f2IySw72cVMC,Topographic organization of the human and non-human primate subthalamic nucleus,"Anneke Alkemade, Alfons Schnitzler, Birte U Forstmann",2015,https://doi.org/10.1007/s00429-015-1047-2,10.1007/s00429-015-1047-2
,Are there three subdivisions in the primate subthalamic nucleus?,"Max C Keuken, Harry BM Uylings, Stefan Geyer, Andreas Schäfer, Robert Turner, Birte U Forstmann",2012,https://doi.org/10.3389/fnana.2012.00014,10.3389/fnana.2012.00014
32745682,The Amsterdam Ultra-high field adult lifespan database (AHEAD): A freely available multimodal 7 Tesla submillimeter magnetic resonance imaging database,"Anneke Alkemade, Martijn J Mulder, Josephine M Groot, Bethany R Isaacs, Nikita van Berendonk, Nicky Lute, Scott JS Isherwood, Pierre-Louis Bazin, Birte U Forstmann",2020,https://doi.org/10.1016/j.neuroimage.2020.117200,10.1016/j.neuroimage.2020.117200
,Brain networks of perceptual decision-making: an fMRI ALE meta-analysis,"Max C Keuken, Christa Müller-Axt, Robert Langner, Simon B Eickhoff, Birte U Forstmann, Jane Neumann",2014,https://doi.org/10.3389/fnhum.2017.00139,10.3389/fnhum.2017.00139
31733237,Mutual benefits: Combining reinforcement learning with sequential sampling models,"Steven Miletić, Russell J Boag, Birte U Forstmann",2020,https://doi.org/10.1016/j.neuropsychologia.2019.107261,10.1016/j.neuropsychologia.2019.107261
,Methodological and empirical issues when dissociating cue-related from task-related processes in the explicit task-cuing procedure,"Birte U Forstmann, Marcel Brass, Iring Koch",2007,https://doi.org/10.1007/s00426-005-0040-4,10.1007/s00426-005-0040-4
PMC4988791,"Automated segmentation of the substantia nigra, subthalamic nucleus and red nucleus in 7 T data at young and old age","Eelke Visser, Max C Keuken, Birte U Forstmann, Mark Jenkinson",2016,https://doi.org/10.1016/j.neuroimage.2016.06.039,10.1016/j.neuroimage.2016.06.039
PMC7880686,A new model of decision processing in instrumental learning tasks,"Steven Miletić, Russell J Boag, Anne C Trutti, Niek Stevenson, Birte U Forstmann, Andrew Heathcote",2021,https://doi.org/10.1101/2020.09.12.294512,10.1101/2020.09.12.294512
,The subcortical cocktail problem; mixed signals from the subthalamic nucleus and substantia nigra,"Gilles de Hollander, Max C Keuken, Birte U Forstmann",2015,https://doi.org/10.1371/journal.pone.0120572,10.1371/journal.pone.0120572
fCv1lSsAAAAJ:zA6iFVUQeVQC,Do we need to revise the tripartite subdivision hypothesis of the human subthalamic nucleus (STN)?,"Anneke Alkemade, Birte U Forstmann",2014,https://doi.org/10.1016/j.neuroimage.2014.03.010,10.1016/j.neuroimage.2014.03.010
fCv1lSsAAAAJ:kRWSkSYxWN8C,A unified 3D map of microscopic architecture and MRI of the human brain,"Anneke Alkemade, Pierre-Louis Bazin, Rawien Balesar, Kerrin Pine, Evgeniya Kirilina, Harald E Möller, Robert Trampel, Johan M Kros, Max C Keuken, Ronald LAW Bleys, Dick F Swaab, Andreas Herrler, Nikolaus Weiskopf, Birte U Forstmann",2022,https://doi.org/10.1126/sciadv.abj7892,10.1126/sciadv.abj7892
,The impact of MRI scanner environment on perceptual decision-making,"Leendert van Maanen, Birte U Forstmann, Max C Keuken, Eric-Jan Wagenmakers, Andrew Heathcote",2016,https://doi.org/10.3758/s13428-015-0563-6,10.3758/s13428-015-0563-6
,A gradual increase of iron toward the medial‐inferior tip of the subthalamic nucleus,"Gilles de Hollander, Max C Keuken, Pierre‐Louis Bazin, Marcel Weiss, Jane Neumann, Katja Reimann, Miriam Waehnert, Robert Turner, Birte U Forstmann, Andreas Schaefer",2014,https://doi.org/10.1002/hbm.22485,10.1002/hbm.22485
30680810,Increasing propensity to mind‐wander by transcranial direct current stimulation? A registered report,"Nya Mehnwolo Boayue, Gábor Csifcsák, Per Aslaksen, Zsolt Turi, Andrea Antal, Josephine Groot, Guy E Hawkins, Birte Forstmann, Alexander Opitz, Axel Thielscher, Matthias Mittner",2020,https://doi.org/10.1111/ejn.14347,10.1111/ejn.14347
,A flexible and efficient hierarchical Bayesian approach to the exploration of individual differences in cognitive‐model‐based neuroscience,"Alexander Ly, Udo Boehm, Andrew Heathcote, Brandon M Turner, Birte Forstmann, Maarten Marsman, Dora Matzke",2017,https://doi.org/10.1002/9781119159193.ch34,10.1002/9781119159193.ch34
,Joint models of neural and behavioral data,"Brandon M Turner, Birte U Forstmann, Mark Steyvers",2019,https://doi.org/10.1007/978-3-030-03688-1,10.1007/978-3-030-03688-1
,Model-based cognitive neuroscience: A conceptual introduction,"Birte U Forstmann, Eric-Jan Wagenmakers",2015,https://doi.org/10.1007/978-1-4939-2236-9_7,10.1007/978-1-4939-2236-9_7
PMC5999196,Visualizing the human subcortex using ultra-high field magnetic resonance imaging,"Max C Keuken, Bethany R Isaacs, Robert Trampel, W Van Der Zwaag, BU Forstmann",2018,https://doi.org/10.1007/s10548-018-0638-7,10.1007/s10548-018-0638-7
29560872,Different ways of linking behavioral and neural data via computational cognitive models,"Gilles de Hollander, Birte U Forstmann, Scott D Brown",2016,https://doi.org/10.1016/j.bpsc.2015.11.004,10.1016/j.bpsc.2015.11.004
,Early evidence affects later decisions: Why evidence accumulation is required to explain response time data,"Jasper Winkel, Max C Keuken, Leendert van Maanen, Eric-Jan Wagenmakers, Birte U Forstmann",2014,https://doi.org/10.3758/s13423-013-0551-8,10.3758/s13423-013-0551-8
,A diffusion model account of age differences in posterror slowing.,"Gilles Dutilh, Birte U Forstmann, Joachim Vandekerckhove, Eric-Jan Wagenmakers",2013,https://doi.org/10.1037/e636952013-098,10.1037/e636952013-098
32480037,fMRI protocol optimization for simultaneously studying small subcortical and cortical areas at 7​ T,"Steven Miletić, Pierre-Louis Bazin, Nikolaus Weiskopf, Wietske van der Zwaag, Birte U Forstmann, Robert Trampel",2020,https://doi.org/10.1016/j.neuroimage.2020.116992,10.1016/j.neuroimage.2020.116992
28941469,Ultra high field MRI-guided deep brain stimulation,"Birte U Forstmann, Bethany R Isaacs, Yasin Temel",2017,https://doi.org/10.1016/j.tibtech.2017.06.010,10.1016/j.tibtech.2017.06.010
,Elevated baseline C-reactive protein as a predictor of outcome after aneurysmal subarachnoid hemorrhage: data from the simvastatin in aneurysmal subarachnoid hemorrhage (STASH) trial,"Carole L Turner, Karol Budohoski, Christopher Smith, Peter J Hutchinson, Peter J Kirkpatrick",2015,https://doi.org/10.1227/neu.0000000000001434,10.1227/neu.0000000000001434
,Cortical and subcortical contributions to interference resolution and inhibition–an fMRI ALE meta-analysis,"SJS Isherwood, MC Keuken, Pierre-Louis Bazin, BU Forstmann",2021,https://doi.org/10.1016/j.neubiorev.2021.07.021,10.1016/j.neubiorev.2021.07.021
fCv1lSsAAAAJ:tOudhMTPpwUC,Multi-contrast anatomical subcortical structures parcellation,"Pierre-Louis Bazin, Anneke Alkemade, Martijn J Mulder, Amanda G Henry, Birte U Forstmann",2020,https://doi.org/10.1101/2020.05.26.115865,10.1101/2020.05.26.115865
PMC6461289,Size and shape matter: the impact of voxel geometry on the identification of small nuclei,"Martijn J Mulder, Max C Keuken, Pierre-Louis Bazin, Anneke Alkemade, Birte U Forstmann",2019,https://doi.org/10.1371/journal.pone.0215382,10.1371/journal.pone.0215382
,Toward a model-based cognitive neuroscience of mind wandering,"Guy E Hawkins, Matthias Mittner, W Boekel, A Heathcote, Birte U Forstmann",2015,https://doi.org/10.1016/j.neuroscience.2015.09.053,10.1016/j.neuroscience.2015.09.053
PMC8036186,A probabilistic atlas of the human ventral tegmental area (VTA) based on 7 Tesla MRI data,"Anne C Trutti, Laura Fontanesi, Martijn J Mulder, Pierre-Louis Bazin, Bernhard Hommel, Birte U Forstmann",2021,https://doi.org/10.1007/s00429-021-02231-w,10.1007/s00429-021-02231-w
,The speed and accuracy of perceptual decisions in a random-tone pitch task,"Martijn J Mulder, Max C Keuken, Leendert van Maanen, Wouter Boekel, Birte U Forstmann, Eric-Jan Wagenmakers",2013,https://doi.org/10.3758/s13414-013-0447-8,10.3758/s13414-013-0447-8
,Similarity and number of alternatives in the random-dot motion paradigm,"Leendert van Maanen, Raoul PPP Grasman, Birte U Forstmann, Max C Keuken, Scott D Brown, Eric-Jan Wagenmakers",2012,https://doi.org/10.1037/e512592013-553,10.1037/e512592013-553
,Characterization of cortical thickness and ventricular width in normal aging: a morphometric study at 3 Tesla,"Christoph Preul, Margret Hund‐Georgiadis, Birte U Forstmann, Gabriele Lohmann",2006,https://doi.org/10.1002/jmri.20665,10.1002/jmri.20665
27355435,Striatal activation reflects urgency in perceptual decision making,"Leendert Van Maanen, Laura Fontanesi, Guy E Hawkins, Birte U Forstmann",2016,https://doi.org/10.1016/j.neuroimage.2016.06.045,10.1016/j.neuroimage.2016.06.045
,Neurocognitive mechanisms of action control: resisting the call of the Sirens,"K Richard Ridderinkhof, Birte U Forstmann, Scott A Wylie, Borís Burle, Wery PM van den Wildenberg",2011,https://doi.org/10.1002/wcs.99,10.1002/wcs.99
31129426,Modeling distracted performance,"Guy E Hawkins, Matthias Mittner, Birte U Forstmann, Andrew Heathcote",2019,https://doi.org/10.31234/osf.io/j86sd,10.31234/osf.io/j86sd
,Piéron’s law and optimal behavior in perceptual decision-making,"Leendert Van Maanen, Raoul PPP Grasman, Birte U Forstmann, Eric-Jan Wagenmakers",2012,https://doi.org/10.3389/fnins.2011.00143,10.3389/fnins.2011.00143
PMC6794471,Denoising high-field multi-dimensional MRI with local complex PCA,"Pierre-Louis Bazin, Anneke Alkemade, Wietske Van der Zwaag, Matthan Caan, Martijn Mulder, Birte U Forstmann",2019,https://doi.org/10.1101/606582,10.1101/606582
31128445,Advances in techniques for imposing reciprocity in brain-behavior relations,"Brandon M Turner, James J Palestro, Steven Miletić, Birte U Forstmann",2019,https://doi.org/10.1016/j.neubiorev.2019.04.018,10.1016/j.neubiorev.2019.04.018
,Bromocriptine does not alter speed–accuracy tradeoff,"Jasper Winkel, Leendert Van Maanen, Roger Ratcliff, Marieke E Van der Schaaf, Martine R Van Schouwenburg, Roshan Cools, Birte U Forstmann",2012,https://doi.org/10.3389/fnins.2012.00126,10.3389/fnins.2012.00126
29660415,Towards a model-based cognitive neuroscience of stopping–a neuroimaging perspective,"Alexandra Sebastian, Birte U Forstmann, Dora Matzke",2018,https://doi.org/10.1016/j.neubiorev.2018.04.011,10.1016/j.neubiorev.2018.04.011
,The subthalamic nucleus during decision‐making with multiple alternatives,"Max C Keuken, Leendert Van Maanen, Rafal Bogacz, Andreas Schäfer, Jane Neumann, Robert Turner, Birte U Forstmann",2015,https://doi.org/10.1002/hbm.22896,10.1002/hbm.22896
fCv1lSsAAAAJ:rO6llkc54NcC,A perspective on terra incognita: uncovering the neuroanatomy of the human subcortex,"Anneke Alkemade, Max C Keuken, Birte U Forstmann",2013,https://doi.org/10.3389/fnana.2013.00040,10.3389/fnana.2013.00040
,A test‐retest reliability analysis of diffusion measures of white matter tracts relevant for cognitive control,"W Boekel, BU Forstmann, MC Keuken",2017,https://doi.org/10.1111/psyp.12769,10.1111/psyp.12769
,Understanding subprocesses of working memory through the lens of model-based cognitive neuroscience,"Anne C Trutti, Sam Verschooren, Birte U Forstmann, Russell J Boag",2021,https://doi.org/10.31234/osf.io/2vahu,10.31234/osf.io/2vahu
PMC7685480,3 versus 7 Tesla magnetic resonance imaging for parcellations of subcortical brain structures in clinical settings,"Bethany R Isaacs, Martijn J Mulder, Josephine M Groot, Nikita van Berendonk, Nicky Lute, Pierre-Louis Bazin, Birte U Forstmann, Anneke Alkemade",2020,https://doi.org/10.1101/2020.07.02.184275,10.1101/2020.07.02.184275
PMC6875153,The functional microscopic neuroanatomy of the human subthalamic nucleus,"Anneke Alkemade, Gilles de Hollander, Steven Miletic, Max C Keuken, Rawien Balesar, Onno de Boer, Dick F Swaab, Birte U Forstmann",2019,https://doi.org/10.1007/s00429-019-01960-3,10.1007/s00429-019-01960-3
,On the efficiency of neurally-informed cognitive models to identify latent cognitive states,"Guy E Hawkins, Matthias Mittner, Birte U Forstmann, Andrew Heathcote",2017,https://doi.org/10.1016/j.jmp.2016.06.007,10.1016/j.jmp.2016.06.007
,At your own peril: an ERP study of voluntary task set selection processes in the medial frontal cortex,"Birte U Forstmann, K Richard Ridderinkhof, Jochen Kaiser, Christoph Bledowski",2007,https://doi.org/10.3758/cabn.7.4.286,10.3758/cabn.7.4.286
32781231,Sharpness in motion corrected quantitative imaging at 7T,"Pierre-Louis Bazin, Hannah E Nijsse, Wietske van der Zwaag, Daniel Gallichan, Anneke Alkemade, Frans M Vos, Birte U Forstmann, Matthan WA Caan",2020,https://doi.org/10.1016/j.neuroimage.2020.117227,10.1016/j.neuroimage.2020.117227
PMC7574789,7 Tesla MRI followed by histological 3D reconstructions in whole-brain specimens,"Anneke Alkemade, Kerrin Pine, Evgeniya Kirilina, Max C Keuken, Martijn J Mulder, Rawien Balesar, Josephine M Groot, Ronald LAW Bleys, Robert Trampel, Nikolaus Weiskopf, Andreas Herrler, Harald E Möller, Pierre-Louis Bazin, Birte U Forstmann",2020,https://doi.org/10.3389/fnana.2020.536838,10.3389/fnana.2020.536838
fCv1lSsAAAAJ:u_35RYKgDlwC,Spatial normalization of ultrahigh resolution 7 T magnetic resonance imaging data of the postmortem human subthalamic nucleus: a multistage approach,"Marcel Weiss, Anneke Alkemade, Max C Keuken, Christa Műller-Axt, Stefan Geyer, Robert Turner, Birte U Forstmann",2015,https://doi.org/10.1007/s00429-014-0754-4,10.1007/s00429-014-0754-4
fCv1lSsAAAAJ:4fKUyHm3Qg0C,Functional segregation and integration within the human subthalamic nucleus from a micro-and meso-level perspective,"Bernadette CM van Wijk, Anneke Alkemade, Birte U Forstmann",2020,https://doi.org/10.1016/j.cortex.2020.07.004,10.1016/j.cortex.2020.07.004
,Cortico-subthalamic connection predicts individual differences in value-driven choice bias,"Martijn J Mulder, Wouter Boekel, Roger Ratcliff, Birte U Forstmann",2014,https://doi.org/10.1007/s00429-013-0561-3,10.1007/s00429-013-0561-3
fCv1lSsAAAAJ:wbdj-CoPYUoC,Swallow tail sign: revisited,"Malte Brammerloh, Evgeniya Kirilina, Anneke Alkemade, Pierre-Louis Bazin, Caroline Jantzen, Carsten Jäger, Andreas Herrler, Kerrin J Pine, Penny A Gowland, Markus Morawski, Birte U Forstmann, Nikolaus Weiskopf",2022,https://doi.org/10.1148/radiol.212696,10.1148/radiol.212696
,Rewarding high-power replication research,"Eric-Jan Wagenmakers, BU Forstman",2014,https://doi.org/10.1016/j.cortex.2013.09.010,10.1016/j.cortex.2013.09.010
,Catching wandering minds with tapping fingers: neural and behavioral insights into task-unrelated cognition,"Josephine M Groot, Gábor Csifcsák, Sven Wientjes, Birte U Forstmann, Matthias Mittner",2022,https://doi.org/10.31234/osf.io/m9fq4,10.31234/osf.io/m9fq4
f2Q565cAAAAJ:u-x6o8ySG0sC,Charting human subcortical maturation across the adult lifespan with in vivo 7 T MRI,"Steven Miletić, Pierre-Louis Bazin, Scott JS Isherwood, Max C Keuken, Anneke Alkemade, Birte U Forstmann",2021,https://doi.org/10.1101/2021.04.07.438765,10.1101/2021.04.07.438765
PMC6060372,"The connectivity fingerprint of the human frontal cortex, subthalamic nucleus, and striatum","Bethany R Isaacs, Birte U Forstmann, Yasin Temel, Max C Keuken",2018,https://doi.org/10.3389/fnana.2018.00060,10.3389/fnana.2018.00060
34071635,Cognitive control of working memory: A model-based approach,"Russell J Boag, Niek Stevenson, Roel van Dooren, Anne C Trutti, Zsuzsika Sjoerds, Birte U Forstmann",2021,https://doi.org/10.31234/osf.io/2vahu,10.31234/osf.io/2vahu
PMC6290065,Do We Need a Human post mortem Whole-Brain Anatomical Ground Truth in in vivo Magnetic Resonance Imaging?,"Anneke Alkemade, Josephine M Groot, Birte U Forstmann",2018,https://doi.org/10.3389/fnana.2018.00110,10.3389/fnana.2018.00110
,When the choice is ours: Context and agency modulate the neural bases of decision-making,"Birte U Forstmann, Uta Wolfensteller, Jan Derrfuss, Jane Neumann, Marcel Brass, K Richard Ridderinkhof, D Yves von Cramon",2008,https://doi.org/10.1371/journal.pone.0001899,10.1371/journal.pone.0001899
,Self-reported mind wandering reflects executive control and selective attention,"Guy E Hawkins, Matthias Mittner, Birte U Forstmann, Andrew Heathcote",2022,https://doi.org/10.31234/osf.io/nbuzh,10.31234/osf.io/nbuzh
28238943,Sensory neural pathways revisited to unravel the temporal dynamics of the Simon effect: A model-based cognitive neuroscience approach,"Yael Salzer, Gilles de Hollander, Birte U Forstmann",2017,https://doi.org/10.1016/j.neubiorev.2017.02.023,10.1016/j.neubiorev.2017.02.023
27054398,Transcranial direct current stimulation does not influence the speed–accuracy tradeoff in perceptual decision-making: evidence from three independent studies,"Gilles de Hollander, Ludovica Labruna, Roberta Sellaro, Anne Trutti, Lorenza S Colzato, Roger Ratcliff, Richard B Ivry, Birte U Forstmann",2016,https://doi.org/10.1162/jocn_a_00967,10.1162/jocn_a_00967
fCv1lSsAAAAJ:Tiz5es2fbqcC,An introduction to human brain anatomy,"Birte U Forstmann, Max C Keuken, Anneke Alkemade",2015,https://doi.org/10.1007/978-1-4939-2236-9_4,10.1007/978-1-4939-2236-9_4
,The parcellation of cortical areas using replicator dynamics in fMRI,"Jane Neumann, D Yves von Cramon, Birte U Forstmann, Stefan Zysset, Gabriele Lohmann",2006,https://doi.org/10.1016/j.neuroimage.2006.02.039,10.1016/j.neuroimage.2006.02.039
f2Q565cAAAAJ:hqOjcs7Dif8C,Investigating intra-individual networks of response inhibition and interference resolution using 7T MRI,"Scott JS Isherwood, Pierre-Louis Bazin, S Miletić, Niek R Stevenson, Anne C Trutti, Desmond HY Tse, A Heathcote, D Matzke, Reilly J Innes, Sarah Habli, DR Sokołowski, Anneke Alkemade, Asta K Håberg, Birte U Forstmann",2023,https://doi.org/10.1016/j.neuroimage.2023.119988,10.1016/j.neuroimage.2023.119988
25936806,The Age-ility Project (Phase 1): Structural and functional imaging and electrophysiological data repository,"Frini Karayanidis, Max C Keuken, Aaron Wong, Jaime L Rennie, Gilles de Hollander, Patrick S Cooper, W Ross Fulham, Rhoshel Lenroot, Mark Parsons, Natalie Phillips, Patricia T Michie, Birte U Forstmann",2016,https://doi.org/10.1016/j.neuroimage.2015.04.047,10.1016/j.neuroimage.2015.04.047
f2Q565cAAAAJ:UebtZRa9Y70C,Joint modelling of latent cognitive mechanisms shared across decision-making domains,"Niek Stevenson, Reilly J Innes, Russell J Boag, Steven Miletić, Scott JS Isherwood, Anne C Trutti, Andrew Heathcote, Birte U Forstmann",2024,https://doi.org/10.31234/osf.io/abzhk,10.31234/osf.io/abzhk
27810498,Focal striatum lesions impair cautiousness in humans,"Jasper Winkel, Guy E Hawkins, Richard B Ivry, Scott D Brown, Roshan Cools, Birte U Forstmann",2016,https://doi.org/10.1016/j.cortex.2016.09.023,10.1016/j.cortex.2016.09.023
,Your conflict matters to me! Behavioral and neural manifestations of control adjustment after self-experienced and observed decision-conflict,"Jasper Winkel, Jasper G Wijnen, K Richard Ridderinkhof, Iris I Groen, Jan Derrfuss, Claudia Danielmeier, Birte U Forstmann",2009,https://doi.org/10.3389/neuro.09.057.2009,10.3389/neuro.09.057.2009
fCv1lSsAAAAJ:olpn-zPbct0C,Mixed methodology in human brain research: integrating MRI and histology,"Anneke Alkemade, Rosa Großmann, Pierre-Louis Bazin, Birte U Forstmann",2023,https://doi.org/10.1007/s00429-023-02675-2,10.1007/s00429-023-02675-2
,Variability in subthalamic nucleus targeting for deep brain stimulation with 3 and 7 Tesla magnetic resonance imaging,"Bethany R Isaacs, Margot Heijmans, Mark L Kuijf, Pieter L Kubben, Linda Ackermans, Yasin Temel, Max C Keuken, Birte U Forstmann",2021,https://doi.org/10.1016/j.nicl.2021.102829,10.1016/j.nicl.2021.102829
PMC6699705,Cortico-basal white matter alterations occurring in Parkinson’s disease,"Bethany R Isaacs, Anne C Trutti, Esther Pelzer, Marc Tittgemeyer, Yasin Temel, Birte U Forstmann, Max C Keuken",2019,https://doi.org/10.1101/576991,10.1101/576991
28027598,Registered reports at the European Journal of Neuroscience: consolidating and extending peer-reviewed study pre-registration,"Christopher D Chambers, Birte Forstmann, J Andrew Pruszynski",2017,https://doi.org/10.1111/ejn.13519,10.1111/ejn.13519
,"An antidote to the imager's fallacy, or how to identify brain areas that are in limbo","Gilles de Hollander, Eric-Jan Wagenmakers, Lourens Waldorp, Birte Forstmann",2014,https://doi.org/10.1371/journal.pone.0115700,10.1371/journal.pone.0115700
,A unified model for reconstruction and R2* mapping of accelerated 7T data using the quantitative recurrent inference machine,"Chaoping Zhang, Dimitrios Karkalousos, Pierre-Louis Bazin, Bram F Coolen, Hugo Vrenken, Jan-Jakob Sonke, Birte U Forstmann, Dirk HJ Poot, Matthan WA Caan",2022,https://doi.org/10.1016/j.neuroimage.2022.119680,10.1016/j.neuroimage.2022.119680
fCv1lSsAAAAJ:q3oQSFYPqjQC,Manual delineation approaches for direct imaging of the subcortex,"Anneke Alkemade, Martijn J Mulder, Anne C Trutti, Birte U Forstmann",2022,https://doi.org/10.1007/s00429-021-02400-x,10.1007/s00429-021-02400-x
PMC7951909,Quantity and quality: Normative open-access neuroimaging databases,"Scott Jie Shen Isherwood, Pierre-Louis Bazin, Anneke Alkemade, Birte Uta Forstmann",2021,https://doi.org/10.1371/journal.pone.0248341,10.1371/journal.pone.0248341
PMC7000511,Proactive interference in aging: A model-based study,"Kim Archambeau, Birte Forstmann, Leendert Van Maanen, Wim Gevers",2020,https://doi.org/10.3758/s13423-019-01671-0,10.3758/s13423-019-01671-0
29292134,Outlook on deep neural networks in computational cognitive neuroscience,"Brandon M Turner, Steven Miletić, Birte U Forstmann",2018,https://doi.org/10.1016/j.neuroimage.2017.12.078,10.1016/j.neuroimage.2017.12.078
PMC7600568,Methodological considerations for neuroimaging in deep brain stimulation of the subthalamic nucleus in Parkinson’s disease patients,"Bethany R Isaacs, Max C Keuken, Anneke Alkemade, Yasin Temel, Pierre-Louis Bazin, Birte U Forstmann",2020,https://doi.org/10.3390/jcm9103124,10.3390/jcm9103124
PMC6920387,Outcome contingency selectively affects the neural coding of outcomes but not of tasks,"David Wisniewski, Birte Forstmann, Marcel Brass",2019,https://doi.org/10.1101/375642,10.1101/375642
,From model-based perceptual decision-making to spatial interference control,"Leendert van Maanen, Brandon Turner, Birte U Forstmann",2015,https://doi.org/10.1016/j.cobeha.2014.10.010,10.1016/j.cobeha.2014.10.010
,EMC2: An R package for cognitive models of choice,"Niek Stevenson, Michelle C Donzallaz, Reilly Innes, Birte Forstmann, Dora Matzke, Andrew Heathcote",2025,https://doi.org/10.31234/osf.io/2e4dq_v3,10.31234/osf.io/2e4dq_v3
f2Q565cAAAAJ:MXK_kJrjxJIC,Modelling decision-making biases,"Ettore Cerracchio, Steven Miletić, Birte U Forstmann",2023,https://doi.org/10.3389/fncom.2023.1222924,10.3389/fncom.2023.1222924
PMC6203787,Large scale structure-function mappings of the human subcortex,"Max C Keuken, Leendert van Maanen, Michiel Boswijk, Birte U Forstmann, Mark Steyvers",2018,https://doi.org/10.1038/s41598-018-33796-y,10.1038/s41598-018-33796-y
PMC6388084,Commentary: Transcranial stimulation of the frontal lobes increases propensity of mind-wandering without changing meta-awareness,"Gábor Csifcsák, Nya Mehnwolo Boayue, Per M Aslaksen, Zsolt Turi, Andrea Antal, Josephine Groot, Guy E Hawkins, Birte U Forstmann, Alexander Opitz, Axel Thielscher, Matthias Mittner",2019,https://doi.org/10.31234/osf.io/v6jaq_v1,10.31234/osf.io/v6jaq_v1
26216618,Challenges in replicating brain-behavior correlations: Rejoinder to Kanai (2015) and Muhlert and Ridgway (2015),"Wouter Boekel, Birte U Forstmann, Eric-Jan Wagenmakers",2016,https://doi.org/10.1016/j.cortex.2015.06.018,10.1016/j.cortex.2015.06.018
30584679,Science in flux: Registered reports and beyond at the European Journal of Neuroscience,"Christopher D Chambers, Birte Forstmann, J Andrew Pruszynski",2019,https://doi.org/10.1111/ejn.14319,10.1111/ejn.14319
,Corrigendum: Brain networks of perceptual decision-making: an fMRI ALE meta-analysis,"Max C Keuken, Christa Müller-Axt, Robert Langner, Simon B Eickhoff, Birte U Forstmann, Jane Neumann",2017,https://doi.org/10.3389/fnhum.2017.00139,10.3389/fnhum.2017.00139
f2Q565cAAAAJ:M3ejUd6NZC8C,Using group level factor models to resolve high dimensionality in model-based sampling.,"Niek Stevenson, Reilly J Innes, Quentin F Gronau, Steven Miletić, Andrew Heathcote, Birte U Forstmann, Scott D Brown",2024,https://doi.org/10.31234/osf.io/pn3wv,10.31234/osf.io/pn3wv
f2Q565cAAAAJ:roLk4NBRz8UC,Echoes from intrinsic connectivity networks in the subcortex,"Josephine M Groot, Steven Miletic, Scott JS Isherwood, Desmond HY Tse, Sarah Habli, Asta K Håberg, Birte U Forstmann, Pierre-Louis Bazin, Matthias Mittner",2023,https://doi.org/10.31234/osf.io/xr25q,10.31234/osf.io/xr25q
f2Q565cAAAAJ:qxL8FJ1GzNcC,An expert guide to planning experimental tasks for evidence-accumulation modeling,"Russell J Boag, Reilly J Innes, Niek Stevenson, Giwon Bahg, Jerome R Busemeyer, Gregory E Cox, Chris Donkin, Michael J Frank, Guy E Hawkins, Andrew Heathcote, Craig Hedge, Veronika Lerche, Simon D Lilburn, Gordon D Logan, Dora Matzke, Steven Miletić, Adam F Osth, Thomas J Palmeri, Per B Sederberg, Henrik Singmann, Philip L Smith, Tom Stafford, Mark Steyvers, Luke Strickland, Jennifer S Trueblood, Konstantinos Tsetsos, Brandon M Turner, Marius Usher, Leendert van Maanen, Don van Ravenzwaaij, Joachim Vandekerckhove, Andreas Voss, Emily R Weichart, Gabriel Weindel, Corey N White, Nathan J Evans, Scott D Brown, Birte U Forstmann",2025,https://doi.org/10.1177/25152459251336127/v2/review1,10.1177/25152459251336127/v2/review1
f2Q565cAAAAJ:_FxGoFyzp5QC,7T functional MRI finds no evidence for distinct functional subregions in the subthalamic nucleus during a speeded decision-making task,"Steven Miletić, Max C Keuken, Martijn J Mulder, Robert Trampel, Gilles de Hollander, Birte U Forstmann",2022,https://doi.org/10.1016/j.cortex.2022.06.014,10.1016/j.cortex.2022.06.014
30553774,A neural substrate of early response capture during conflict tasks in sensory areas,"Yael Salzer, Gilles de Hollander, Leendert van Maanen, Birte U Forstmann",2019,https://doi.org/10.1016/j.neuropsychologia.2018.12.009,10.1016/j.neuropsychologia.2018.12.009
,A tutorial on joint modeling,"Brandon M Turner, Birte U Forstmann, Mark Steyvers",2019,https://doi.org/10.1007/978-3-030-03688-1_2,10.1007/978-3-030-03688-1_2
fCv1lSsAAAAJ:SP6oXDckpogC,The Neuroanatomy and Neurochemistry of Response Inhibition,"Birte U Forstmann, Anneke Alkemade",2017,https://doi.org/10.1002/9781118920497.ch16,10.1002/9781118920497.ch16
27538016,Can we rely on susceptibility-weighted imaging (SWI) for subthalamic nucleus identification in deep brain stimulation surgery?,"Max C Keuken, Andreas Schäfer, Birte U Forstmann",2016,https://doi.org/10.1227/neu.0000000000001395,10.1227/neu.0000000000001395
f2Q565cAAAAJ:_Qo2XoVZTnwC,Explaining multiscale choice dynamics.,"Steven Miletić, Niek Stevenson, Ami Eidels, Dora Matzke, Birte U Forstmann, Andrew Heathcote",2025,https://doi.org/10.1037/rev0000581,10.1037/rev0000581
fCv1lSsAAAAJ:mvPsJ3kp5DgC,A high-resolution multi-shell 3T diffusion magnetic resonance imaging dataset as part of the Amsterdam Ultra-high field adult lifespan database (AHEAD),"Max C Keuken, Luka C Liebrand, Pierre-Louis Bazin, Anneke Alkemade, Nikita van Berendonk, Josephine M Groot, Scott JS Isherwood, Sarah Kemp, Nicky Lute, Martijn J Mulder, Anne C Trutti, Matthan WA Caan, Birte U Forstmann",2022,https://doi.org/10.1016/j.dib.2022.108086,10.1016/j.dib.2022.108086
f2Q565cAAAAJ:9ZlFYXVOiuMC,Investigating working memory updating processes of the human subcortex using 7T MRI,"Anne C Trutti, Zsuzsika Sjoerds, Russell J Boag, Solenn LY Walstra, Steven Miletić, Scott JS Isherwood, Pierre-Louis Bazin, Bernhard Hommel, Sarah Habli, Desmond HY Tse, Asta K Håberg, Birte U Forstmann",2025,https://doi.org/10.7554/elife.97874.3.sa0,10.7554/elife.97874.3.sa0
f2Q565cAAAAJ:hC7cP41nSMkC,Subcortical nuclei of the human ascending arousal system encode anticipated reward but do not predict subsequent memory,"Beth Lloyd, Steven Miletić, Pierre-Louis Bazin, Scott Isherwood, Desmond HY Tse, Asta K Håberg, Birte Forstmann, Sander Nieuwenhuis",2025,https://doi.org/10.1101/2024.11.12.623212,10.1101/2024.11.12.623212
f2Q565cAAAAJ:7PzlFSSx8tAC,Multi-study fMRI outlooks on subcortical BOLD responses in the stop-signal paradigm,"Scott Isherwood, Sarah A Kemp, Steven Miletić, Niek Stevenson, Pierre-Louis Bazin, Birte Forstmann",2025,https://doi.org/10.7554/elife.88652.3,10.7554/elife.88652.3
fCv1lSsAAAAJ:eJXPG6dFmWUC,Imaging of the human subthalamic nucleus,"Anneke Alkemade, Birte U Forstmann",2021,https://doi.org/10.1093/brain/aww245,10.1093/brain/aww245
,How exerting control over outcomes affects the neural coding of tasks and outcomes,"David Wisniewski, Birte Forstmann, Marcel Brass",2018,https://doi.org/10.1101/375642,10.1101/375642
,Computational approaches to cognition and perception,"James J Palestro, Per B Sederberg, Adam F Osth, Trisha Van Zandt, Brandon M Turner, Birte U Forstmann, Mark Steyvers, John C Dunn, Michael L Kalish",2018,https://doi.org/10.1007/978-3-319-72425-6,10.1007/978-3-319-72425-6
,Observed and self-experienced conflict induce similar behavioral and neural adaptation,"Jasper Winkel, Jasper G Wijnen, Claudia Danielmeier, Iris IA Groen, Jan Derrfuss, K Richard Ridderinkhof, Birte U Forstmann",2012,https://doi.org/10.1080/17470919.2011.628760,10.1080/17470919.2011.628760
f2Q565cAAAAJ:_kc_bZDykSQC,A high-resolution 7 Tesla resting-state fMRI dataset optimized for studying the subcortex,"Josephine M Groot, Steven Miletic, Scott JS Isherwood, Desmond HY Tse, Sarah Habli, Asta K Håberg, Pierre-Louis Bazin, Matthias Mittner, Birte U Forstmann",2024,https://doi.org/10.2139/ssrn.4819910,10.2139/ssrn.4819910
,Imaging Neuroscience opening                     editorial,"Stephen Smith, Til Ole Bergmann, Birte Forstmann, Alain Dagher, Shella Keilholz, Kristen Kennedy, Sonja A Kotz, Cindy Lustig, Bruce Pike, Marc Tittgemeyer, Mark Woolrich, BT Thomas Yeo, Andrew Alexander, Janine Bijsterbosch, Tjeerd Boonstra, Mallar Chakravarty, Chris Chambers, Catie Chang, Bradley Christian, Sarang S Dalal, Nai Ding, Audrey Duarte, Audrey P Fan, Alexandre Gramfort, Gesa Hartwigsen, Mbemba Jabbi, Peter Kochunov, Ulrike Krämer, Martin Lindquist, Jean-Francois Mangin, Kevin Murphy, Jonathan Polimeni, Emma Robinson, Monica Rosenberg, Sepideh Sadaghiani, Mohamed Seghier, Yen-Yu Ian Shih, Axel Thielscher, Lucina Q Uddin, Dimitri Van De Ville, Wim Vanduffel, Chao-Gan Yan, Anastasia Yendiki",2023,https://doi.org/10.1101/2020.03.05.973172,10.1101/2020.03.05.973172
,The role of dopaminergic nuclei in predicting and experiencing gains and losses: a 7T human fMRI study,"Laura Fontanesi, Sebastian Gluth, Jörg Rieskamp, Birte U Forstmann",2019,https://doi.org/10.1101/732560,10.1101/732560
,Assessing model performance with generalization tests,"Brandon M Turner, Birte U Forstmann, Mark Steyvers",2019,https://doi.org/10.1007/978-3-030-03688-1_3,10.1007/978-3-030-03688-1_3
,Corrigendum to “A purely confirmatory replication study of structural brain-behavior correlations”[Cortex 66 (2015) 115–133],"Max C Keuken, Alexander Ly, Wouter Boekel, Eric-Jan Wagenmakers, Luam Belay, Josine Verhagen, Scott D Brown, Birte U Forstmann",2017,https://doi.org/10.1016/j.cortex.2017.03.007,10.1016/j.cortex.2017.03.007
27913410,The next step for imaging the subthalamic nucleus,"Birte U Forstmann, Max C Keuken, Anneke Alkemade",2016,https://doi.org/10.1093/brain/aww245,10.1093/brain/aww245
25684445,A purely confirmatory replication study of structural brain-behavior correlations,"Wouter Boekel, Eric-Jan Wagenmakers, Luam Belay, Josine Verhagen, Scott Brown, Birte U Forstmann",2013,https://doi.org/10.1016/j.cortex.2014.11.019,10.1016/j.cortex.2014.11.019
,Motivational modulation of action control: how interindividual variability may shed light on the motivation-control interface and its neurocognitive mechanisms,"K Richard Ridderinkhof, Michael X Cohen, Birte U Forstmann",2011,https://doi.org/10.7551/mitpress/9780262016438.003.0014,10.7551/mitpress/9780262016438.003.0014
f2Q565cAAAAJ:IWHjjKOFINEC,Automated parcellation and atlasing of the human subcortex with ultra-high resolution quantitative MRI,"Pierre-Louis Bazin, Josephine M Groot, Steven Miletic, Lysanne Groenewegen, Anne C Trutti, Martijn J Mulder, Birte U Forstmann, Anneke Alkemade",2025,https://doi.org/10.1162/imag_a_00560,10.1162/imag_a_00560
,The canonical stopping network: Revisiting the role of the subcortex in response inhibition,"SJS Isherwood, S Kemp, S Miletić, N Stevenson, Pierre-Louis Bazin, BU Forstmann",2023,https://doi.org/10.7554/elife.88652.1,10.7554/elife.88652.1
fCv1lSsAAAAJ:BrmTIyaxlBUC,Structure-function similarities in deep brain stimulation targets cross-species,"Max C Keuken, Anneke Alkemade, Niek Stevenson, Reilly J Innes, Birte U Forstmann",2021,https://doi.org/10.1016/j.neubiorev.2021.10.029,10.1016/j.neubiorev.2021.10.029
fCv1lSsAAAAJ:V3AGJWp-ZtQC,Iron-Induced MR Contrast in Human Locus Coeruleus: A Cautionary Tale of Misleading Post Mortem MRI Results,"Evgeniya Kirilina, Charlotte Lange, Carsten Jäger, Tilo Reinert, Kerrin Pine, Thomas Lohmiller, Siawoosh Mohammadi, Tobias Streubel, Malte David Brammerloh, Anneke Alkemade, Birte Forstmann, Andreas Herrler, Alexander Schnegg, Markus Morawski, Nikolaus Weiskopf",2019,https://doi.org/10.1016/b978-0-12-820480-1.00189-3,10.1016/b978-0-12-820480-1.00189-3
,Analyzing the multimodal signature of task-unrelated thoughts,"M Mittner, W Boekel, AM Tucker, A Heathcote, BU Forstmann",2015,https://doi.org/10.3389/conf.fnhum.2015.217.00055,10.3389/conf.fnhum.2015.217.00055
f2Q565cAAAAJ:TQgYirikUcIC,Neuroanatomical Changes in the Stopping Network Across the Adult Lifespan Assessed With Quantitative and Diffusion MRI,"Sarah A Kemp, Pierre‐Louis Bazin, Steven Miletić, Russell J Boag, Max C Keuken, Mark R Hinder, Birte U Forstmann",2025,https://doi.org/10.1002/hbm.70240,10.1002/hbm.70240
f2Q565cAAAAJ:HDshCWvjkbEC,Bridging Brain and Behavior: A Step-by-Step Tutorial to Joint Modeling with fMRI,"Niek Stevenson, Steven Miletic, Birte Forstmann",2025,https://doi.org/10.31234/osf.io/rhfk3_v2,10.31234/osf.io/rhfk3_v2
,Effector-specific corticospinal modulation is preserved in older adults during proactive stopping: A novel Bayesian approach,"Sarah A Kemp, Niek Stevenson, Rohan Puri, Birte U Forstmann, Mark Hinder",2025,https://doi.org/10.31234/osf.io/8f6hb_v1,10.31234/osf.io/8f6hb_v1
,Efficient Bayesian Hierarchical Factor Analysis for Model-Based Psychological Research,"Niek Stevenson, Andrew Heathcote, Birte Forstmann, Dora Matzke",2024,https://doi.org/10.31234/osf.io/zangj,10.31234/osf.io/zangj
,A comparison of how deep brain stimulation in two targets with anti-compulsive efficacy modulates brain activity using fMRI in awake rats,"Maik Derksen, Birte Zuidinga, Marijke van der Veer, Valerie Rhemrev, Linda Jolink, Liesbeth Reneman, Aart Nederveen, Birte Forstmann, Matthijs Feenstra, Ingo Willuhn, Damiaan Denys",2023,https://doi.org/10.1016/j.pscychresns.2023.111611,10.1016/j.pscychresns.2023.111611
,Transcranial stimulation and decision-making,"Gábor Csifcsák, Matthias Mittner, Birte U Forstmann",2021,https://doi.org/10.1093/oxfordhb/9780198832256.013.29,10.1093/oxfordhb/9780198832256.013.29
fCv1lSsAAAAJ:5ugPr518TE4C,Swallow tail sign and nigrosome 1: close but not quite the same,"Malte Brammerloh, Evgeniya Kirilina, Anneke Alkemade, Pierre-Louis Bazin, Caroline Jantzen, Carsten Jäger, Andreas Herrler, Kerrin J Pine, Penny Gowland, Markus Morawski, Birte Forstmann, Nikolaus Weiskopf",2021,https://doi.org/10.1212/wnl.86.16_supplement.p4.337,10.1212/wnl.86.16_supplement.p4.337
,"A Neural Model of Mind Wandering:(Trends in Cognitive Sciences 20, 570–578, 2016)","Matthias Mittner, Guy E Hawkins, Wouter Boekel, Birte U Forstmann",2017,https://doi.org/10.1016/j.tics.2016.06.004,10.1016/j.tics.2016.06.004
27353574,A Neural Model of Mind Wandering,"Matthias Mittner, Guy E Hawkins, Wouter Boekel, Birte U Forstmann",2017,https://doi.org/10.1016/j.tics.2017.04.008,10.1016/j.tics.2017.04.008
,Impulsive decision making after focal basal ganglia stroke in humans,"J Winkel, RB Ivry, SD Brown, R Cools, BU Forstmann",2011,https://doi.org/10.3389/conf.fnins.2010.82.00018,10.3389/conf.fnins.2010.82.00018
,Visualization of the subthalamic nuclei using high-resolution susceptibility mapping at 7T,"Andreas Schäfer, Birte U Forstmann, Jane Neumann, Robert Turner",2010,https://doi.org/10.1002/hbm.21404,10.1002/hbm.21404
fCv1lSsAAAAJ:hkOj_22Ku90C,A unified 3D reconstruction of microscopy and MRI in a brain showing Alzheimer's disease‐related neuropathology,"Anneke Alkemade, Pierre‐Louis Bazin, Evgeniya Kirilina, Kerrin Pine, Andreas Herrler, Ronald LAW Bleijs, J Max Kros, Lysanne Groenewegen, Sanne MM Vermorgen, Laura E Jonkman, Dick F Swaab, Rawien Balesar, Nikolaus Weiskopf, Birte U Forstmann",2025,https://doi.org/10.1111/bpa.70039,10.1111/bpa.70039
f2Q565cAAAAJ:QIV2ME_5wuYC,Joint models reveal human subcortical underpinnings of choice and learning behavior,"Steven Miletić, Niek Stevenson, Pierre-Louis Bazin, Anneke Alkemade, Scott JS Isherwood, Anne C Trutti, Desmond HY Tse, Asta K Håberg, Birte U Forstmann",2025,https://doi.org/10.1101/2024.12.20.629647,10.1101/2024.12.20.629647
,Urgency level-dependent activity of pre-supplementary motor cortex and caudate is linked with simple strategy use in multi-attribute decision-making,"Krzysztof Bielski, Wiktor Więcławski, Magdalena Senderecka, Birte Forstmann, Szymon Wichary",2025,https://doi.org/10.1016/j.ijpsycho.2025.113136,10.1016/j.ijpsycho.2025.113136
,A unified 3D reconstruction of microscopy and MRI in Alzheimer’s disease,BU Forstmann,2025,https://doi.org/10.1111/bpa.70039,10.1111/bpa.70039
,Reliability of triggering the stop process is related to prefrontal-subthalamic hyperdirect pathway recruitment,"Alexandra Sebastian, Birte U Forstmann, Dora Matzke",2025,https://doi.org/10.1162/imag_a_00454,10.1162/imag_a_00454
f2Q565cAAAAJ:aqlVkmm33-oC,"The ageing stopping network: Regional and network changes in the IFG, preSMA, and STN across the adult lifespan","Sarah A Kemp, Pierre-Louis Bazin, Steven Miletić, Russell J Boag, Max C Keuken, Mark R Hinder, Birte U Forstmann",2024,https://doi.org/10.1101/2024.08.13.607702,10.1101/2024.08.13.607702
,Morphometrical asymmetries and tractography of speech-relevant cortex in relation to language lateralisation and rapid temporal processing,"Jesse D Bourke, Gavin Cooper, Birte U Forstmann, Ulrich Schall, Juanita Todd",2024,https://doi.org/10.1101/2024.04.03.587995,10.1101/2024.04.03.587995
f2Q565cAAAAJ:Zph67rFs4hoC,Toward a Model-Based Cognitive Neuroscience of Working Memory Subprocesses,"Russell J Boag, Steven Miletić, Anne C Trutti, Birte U Forstmann",2024,https://doi.org/10.1007/978-3-031-45271-0_11,10.1007/978-3-031-45271-0_11
,Exploring working memory updating processes of the human subcortex using 7T MRI,"AC Trutti, Z Sjoerds, RJ Boag, SL Walstra, S Miletic, SJ Isherwood, P Bazin, B Hommel, S Habli, D Tse, AK Haberg, BU Forstmann",2024,https://doi.org/10.7554/elife.97874.3.sa0,10.7554/elife.97874.3.sa0
fCv1lSsAAAAJ:N5tVd3kTz84C,Modeling of Basal Ganglia Structure and Function,"Gregory J Boyle, Georg Northoff, Aron K Barbey, Felipe Fregni, Marjan Jahanshahi, Alvaro Pascual-Leone, Barbara J Sahakian, Anneke Alkemade, Bernadette CM van Wijk, Birte U Forstmann",2024,https://doi.org/10.1016/b978-0-12-802206-1.00050-7,10.1016/b978-0-12-802206-1.00050-7
,General Introduction to Model-Based Cognitive Neuroscience,"Birte U Forstmann, Brandon M Turner",2023,https://doi.org/10.1007/978-3-031-45271-0_1,10.1007/978-3-031-45271-0_1
,Modeling of Basal Ganglia Structure and Function,"Anneke Alkemade, Bernadette CM van Wijk, Birte U Forstmann",2023,https://doi.org/10.4135/9781529616613.n13,10.4135/9781529616613.n13
,Echoes from Intrinsic Connectivity Networks in the Subcortex,"Steven Miletic, Scott JS Isherwood, Desmond HY Tse, Sarah Habli, Asta Kristine Håberg, Birte U Forstmann, Pierre-Louis Bazin, Matthias Bodo Mittner, Josephine M Groot",2023,https://doi.org/10.31234/osf.io/xr25q,10.31234/osf.io/xr25q
,820 Transcranial stimulation and decision-making,"Gábor Csifcsák, Matthias Mittner, Birte U Forstmann",2021,https://doi.org/10.1093/oxfordhb/9780198832256.013.29,10.1093/oxfordhb/9780198832256.013.29
f2Q565cAAAAJ:ufrVoPGSRksC,No evidence for three functionally specialized subregions in the subthalamic nucleus: A model-based 7 T fMRI study,"Steven Miletić, Max C Keuken, Martijn Mulder, Robert Trampel, Gilles de Hollander, Birte U Forstmann",2021,https://doi.org/10.1101/2021.08.12.456040,10.1101/2021.08.12.456040
fCv1lSsAAAAJ:ZuybSZzF8UAC,Charting human subcortical maturation across the adult lifespan within vivo7 T MRI,"S Miletić, P Bazin, SJS Isherwood, MC Keuken, A Alkemade, BU Forstmann",2021,https://doi.org/10.1101/2021.04.07.438765,10.1101/2021.04.07.438765
,"NeuroImage: Reports: A new member of the NeuroImage family embracing negative findings, replication studies and registered reports","Birte U Forstmann, Christopher D Chambers, Michael X Cohen, Gesa Hartwigsen, Peter Kochunov, Dimitri Van De Ville, Chao-Gan Yan",2021,https://doi.org/10.1016/j.ynirp.2020.100001,10.1016/j.ynirp.2020.100001
fCv1lSsAAAAJ:LjlpjdlvIbIC,Charting human subcortical maturation with in vivo 7 T MRI,"S Miletić, PL Bazin, SJS Isherwood, MC Keuken, A Alkemade, BU Forstmann",2021,https://doi.org/10.1101/2021.04.07.438765,10.1101/2021.04.07.438765
PMC7880686,A new model of decision processing in instrumental learning tasks,"Miletić Steven, Russell J Boag, Anne C Trutti, Niek Stevenson, Birte U Forstmann, Andrew Heathcote",2021,https://doi.org/10.1101/2020.09.12.294512,10.1101/2020.09.12.294512
fCv1lSsAAAAJ:eMMeJKvmdy0C,Royal Netherlands Academy of Arts and Sciences (KNAW),"Pierre-Louis Bazin, Hannah E Nijsse, Wietske van der Zwaag, Daniel Gallichan, Anneke Alkemade, Frans M Vos, Birte U Forstmann, Matthan WA Caan",2020,https://doi.org/10.1037/met0000638,10.1037/met0000638
f2Q565cAAAAJ:WF5omc3nYNoC,Optimizing single echo and multi echo 7T fMRI sequences for studying cortical and subcortical areas,"Steven Miletic, Pierre-Louis Bazin, Wietske van der Zwaag, Nikolaus Weiskopf, Birte U Forstmann, Robert Trampel",2019,https://doi.org/10.1016/j.neuroimage.2011.02.042,10.1016/j.neuroimage.2011.02.042
,Other Approaches,"Brandon M Turner, Birte U Forstmann, Mark Steyvers",2019,,
,RAPID TEMPORAL PROCESSING: HOW BEHAVIOURAL AND PSYCHOPHYSIOLOGICAL MEASURES RELATE WITH ASYMMETRICAL NEUROANATOMY,"Jesse Bourke, Gavin Cooper, Birte Forstmann, Pat Michie, Ulli Schall, Juanita Todd",2018,https://doi.org/10.3389/conf.fnhum.2015.219.00008,10.3389/conf.fnhum.2015.219.00008
,The anatomo-functional role of the subthalamic nucleus in strategic decision-making,BU Forstmann,2018,https://doi.org/10.1016/j.ijpsycho.2018.07.021,10.1016/j.ijpsycho.2018.07.021
25684445,""" A purely confirmatory replication study of structural brain-behavior correlations”: Corrigendum.","Max C Keuken, Alexander Ly, Wouter Boekel, Eric-Jan Wagenmakers, Luam Belay, Josine Verhagen, Scott D Brown, Birte U Forstmann",2017,https://doi.org/10.1016/j.cortex.2017.03.007,10.1016/j.cortex.2017.03.007
,Registered Report: Increasing propensity of mind wandering using tDCS,"Matthias Mittner, Guy Hawkins, Birte Forstmann, Zsolt Turi, Nya Mehnwolo Boayue, Gábor Csifcsák, Per Aslaksen, Josephine Groot",2017,https://doi.org/10.31234/osf.io/dfex3_v1,10.31234/osf.io/dfex3_v1
27353574,""" A neural model of mind wandering"": Erratum.","Matthias Mittner, Guy E Hawkins, Wouter Boekel, Birte U Forstmann",2017,https://doi.org/10.1016/j.tics.2017.04.008,10.1016/j.tics.2017.04.008
,""" When the brain takes a break: A model-based analysis of mind wandering"": Correction.","Matthias Mittner, Wouter Boekel, Adrienne M Tucker, Brandon M Turner, Andrew Heathcote, Birte U Forstmann",2017,https://doi.org/10.1523/jneurosci.1158-17.2017,10.1523/jneurosci.1158-17.2017
,""" Brain networks of perceptual decision-making: An fMRI ALE meta-analysis"": Corrigendum.","Max C Keuken, Christa Müller-Axt, Robert Langner, Simon B Eickhoff, Birte U Forstmann, Jane Neumann",2017,https://doi.org/10.3389/fnhum.2017.00139,10.3389/fnhum.2017.00139
,"Brain networks of perceptual decision-making: an fMRI ALE meta-analysis (vol 8, 445, 2014)","Max C Keuken, Christa Mueller-Axt, Robert Langner, Simon B Eickhoff, Birte U Forstmann, Jane Neumann",2017,https://doi.org/10.3389/fnhum.2014.00445,10.3389/fnhum.2014.00445
,The effect of aging on sensitivity to interference in multiplication solving.,"Kim Archambeau, Leendert Van Maanen, Dylan Molenaar, Birte Forstmann, Marie-Pascale Noel, Wim Gevers",2017,https://doi.org/10.3758/s13423-019-01671-0,10.3758/s13423-019-01671-0
PMC5397046,Comparison of T2 Ã-weighted and QSM contrasts in Parkinson’s disease to visualize the STN with MRI,"VM Ott, Johannes Schwarz, David Weise, Sonja A Kotz, Birte U Forstmann",2017,https://doi.org/10.1371/journal.pone.0176130,10.1371/journal.pone.0176130
,Optimized functional MRI in the subthalamic nucleus at 7 Tesla and 3 Tesla,"Gilles de Hollander, Max Keuken, Wietske van der Zwaag, Robert Trampel, Birte U Forstmann",2016,https://doi.org/10.58530/2022/3321,10.58530/2022/3321
,Submillimeter resolution fMRI in the midbrain: measuring T2* changes to a stop-task,"Gilles de Hollander, Robert Trampel, Birte U Forstmann, Wietske van der Zwaag",2016,https://doi.org/10.26481/dis.20160421vk,10.26481/dis.20160421vk
,Optimizing functional MRI sequences at 7 Tesla for subcortical nuclei,"Gilles de Hollander, Max C Keuken, Robert Trampel, Birte U Forstmann",2015,https://doi.org/10.26226/morressier.5971be82d462b80290b52bff,10.26226/morressier.5971be82d462b80290b52bff
,"An antidote to the imager's fallacy, or how to identify brain areas that are","G de Hollander, EJ Wagenmakers, L Waldorp, B Forstmann",2014,https://doi.org/10.1371/journal.pone.0115700,10.1371/journal.pone.0115700
,Model-Based Estimates of Response-Caution Predict Single-Trial EEG Data,"U Boehm, Leendert van Maanen, BU Forstmann, Hedderik van Rijn",2013,https://doi.org/10.1037/e557102013-074,10.1037/e557102013-074
,Predicting between-trial fluctuations in response caution from EEG data using the LBA model,"U Boehm, Leendert van Maanen, BU Forstmann, Hedderik van Rijn",2013,https://doi.org/10.1037/e557102013-074,10.1037/e557102013-074
,INDIVIDUAL DIFFERENCES IN RESPONSE CAUTION ADJUSTMENT: EVIDENCE FROM A MODEL-BASED NEUROSCIENCE APPROACH,"Elise L Mansfield, Frini Karayanidis, Andrew Heathcote, Birte U Forstmann",2013,https://doi.org/10.3389/conf.fnhum.2013.212.00145,10.3389/conf.fnhum.2013.212.00145
,A perspective on terra,"A Alkemade, MC Keuken, BU Forstmann",2013,https://doi.org/10.3389/fnana.2013.00040,10.3389/fnana.2013.00040
,MULTIVARIATE PATTERN ANALYSIS IN SMALL SUBCORTICAL NUCLEI: IS THE SUBTHALAMIC NUCLEUS INVOLVED IN MODULATION OF RESPONSE CAUTION?,"Gilles de Hollander, Birte U Forstmann, Leendert van Maanen, Maarten van Someren",2012,https://doi.org/10.1371/journal.pone.0120572,10.1371/journal.pone.0120572
,Fronto-striatal involvement in strategic adjustments of response caution: A combined DWI and ERP study,"E Mansfield, B Forstmann, A Heathcote, F Karayanidis",2012,https://doi.org/10.3389/conf.fnhum.2012.208.00064,10.3389/conf.fnhum.2012.208.00064
,Model-Based Prediction of Between-Trial Fluctuations in Response Caution From EEG Data,"Udo Boehm, Leendert van Maanen, Birte Forstmann, Hedderik van Rijn",2012,https://doi.org/10.1037/e557102013-074,10.1037/e557102013-074
,Structure and Function of the Subthalamic Nucleus Introduction,"Birte U Forstmann, Max C Keuken, Sara Jahfari, Jane Neumann, Andreas Schäfer, Alfred Anwander, Robert Turner",2011,https://doi.org/10.7554/elife.36460.019,10.7554/elife.36460.019
,Ultra-high resolution ex vivo MR at 7T: The subthalamic nucleus,"Marcel Weiss, Max Keuken, Stefan Geyer, Birte Forstmann, Robert Turner",2011,https://doi.org/10.1016/j.ibror.2019.07.909,10.1016/j.ibror.2019.07.909
,Trial to trial fluctuations of strategic adjustments,"L Van Maanen, S Brown, T Eichele, E Wagenmakers, B Forstmann",2011,https://doi.org/10.3389/conf.fnhum.2011.207.00243,10.3389/conf.fnhum.2011.207.00243
,Preparatory adjustments of response threshold in task-switching: a model-based fMRI study,"E Mansfield, B Forstmann, S Jamadar, F Karayanidis",2011,https://doi.org/10.3389/conf.fnhum.2011.207.00247,10.3389/conf.fnhum.2011.207.00247
,The role of the subthalamic nucleus in multi-alternative perceptual decision making revealed by 7T structural and functional MRI,"M Keuken, R Turner, L Van Maanen, R Bogacz, A Schafer, J Neumann, BU Forstmann",2011,https://doi.org/10.3389/conf.fnhum.2011.207.00388,10.3389/conf.fnhum.2011.207.00388
,"Adam R. Aron Department of Psychology, University of California–San Diego, La Jolla, CA Timothy EJ Behrens Centre for Functional MRI of the Brain, University of Oxford, Oxford, United Kingdom","Sven Bestmann, Erie D Boorman, Matthew M Botvinick, Gabriele Chierchia, Jeffrey Cockburn, Michael X Cohen, Giorgio Coricelli, Eveline A Crone, Ellen RA de Bruijn, Peter F Dominey, Birte U Forstmann, Michael Frank, Jerylin O Gan",2011,https://doi.org/10.28920/dhm52.1.66-67,10.28920/dhm52.1.66-67
,Structural differences in cortico-basal ganglia networks predict individual decision-making behavior,"Birte U Forstmann, Alfred Anwander, Andreas Schäfer, Jane Neumann, Scott Brown, Eric-Jan Wagenmakers, Rafal Bogacz, Robert Turner",2010,https://doi.org/10.1016/j.neures.2010.07.428,10.1016/j.neures.2010.07.428
,Multiple-choice perceptual decision making,"M Keuken, L Van Maanen, S Brown, R Grasman, E Wagenmakers, BU Forstmann",2010,https://doi.org/10.3389/conf.fnins.2010.82.00039,10.3389/conf.fnins.2010.82.00039
,Sensory neural pathways revisited to unravel the,"Yael Salzer, Gilles de Hollander, Birte U Forstmann",2010,https://doi.org/10.1016/j.neubiorev.2017.02.023,10.1016/j.neubiorev.2017.02.023
,The neural substrate of prior information in perceptual decision making: a,"BU Forstmann, S Brown, G Dutilh, J Neumann, EJ Wagenmakers",2010,https://doi.org/10.3389/fnhum.2010.00040,10.3389/fnhum.2010.00040
,Individual differences in cortico-striatal connections predict control over speed and accuracy in perceptual decision making,Birte U Forstmann,2010,https://doi.org/10.1016/j.neures.2010.07.428,10.1016/j.neures.2010.07.428
,The Neural Substrate of Decision Making with Prior Information: Empirical Data and a Formal Model,"Birte U Forstmann, S Brown, Gilles Dutilh, Jane Neumann, Eric-Jan Wagenmakers",2009,https://doi.org/10.1016/s1053-8119(09)70683-4,10.1016/s1053-8119(09)70683-4
,Top-down modulation of task-relevant perceptual brain areas after errors,"C Danielmeier, T Eichele, BU Forstmann, M Tittgemeyer, M Ullsperger",2009,https://doi.org/10.1016/s1053-8119(09)71935-4,10.1016/s1053-8119(09)71935-4
,Mathematical Modeling and Functional Neuroimaging Show that the Striatum Facilitates Decision-Making under Time Pressure,"Eric-Jan Wagenmakers, Birte Forstmann",2008,https://doi.org/10.1073/pnas.0805903105,10.1073/pnas.0805903105
,Neural Correlates and Temporal Dynamics of Adaptive Control Mechanisms in Action Observation,"BU Forstmann, J Winkel, J Wijnen, AI Groen, J Derrfuss, C Danielmeier, K Ridderinkhof",2008,https://doi.org/10.3389/conf.neuro.09.2009.01.013,10.3389/conf.neuro.09.2009.01.013
,Function and structure of response inhibition in the right inferior frontal cortex: a model-based approach,"Sara Jahfari, K Richard Ridderinkhof, Uta Wolfensteller, Wery PM van den Wildenberg, H Steven Scholte, Birte U Forstmann",2008,https://doi.org/10.1523/jneurosci.1465-08.2008,10.1523/jneurosci.1465-08.2008
,Role of the basal ganglia in weighting speed versus accuracy: Empirical data and a formal model,"Birte U Forstmann, Gilles Dutilh, Jane Neumann, K Richard Ridderinkhof, Scott W Brown, Eric-Jan Wagenmakers",2008,https://doi.org/10.1016/j.dib.2015.07.028,10.1016/j.dib.2015.07.028
,Behavioral and neural correlates of endogenous control processes in task switching,Birte U Forstmann,2006,https://doi.org/10.31234/osf.io/m9fq4,10.31234/osf.io/m9fq4
,Using Replicator Dynamics and Canonical Correlation for Clustering FMRI Time Series,"Jane Neumann, Gabriele Lohmann, BI Forstmann, D Yves von Cramon",2005,https://doi.org/10.1016/j.neuroimage.2006.02.039,10.1016/j.neuroimage.2006.02.039
,Relation of the inferior frontal junction (IFJ) to existing cytoarchitectonic maps,"Marcel Brass, Jan Derrfuss, Birte Forstmann, D Yves von Cramon",2005,https://doi.org/10.1101/2020.11.04.368993,10.1101/2020.11.04.368993
,Volitional task set selection: an fMRI study,"Birte U Forstmann, Marcel Braß, Iring Koch, Detlef Yves von Cramon",2005,https://doi.org/10.1016/j.neuropsychologia.2004.08.008,10.1016/j.neuropsychologia.2004.08.008
,Subkomponenten des Arbeitsgedächtnisses,"R Schlösser, B Forstmann, S Köhler, M Friederich, M Bolz, JR Reichenbach, G Vucurevic, P Stoeter, H Sauer",2003,https://doi.org/10.1055/s-0038-1624407,10.1055/s-0038-1624407
,Endogenous control in task-switching: an investigation with fMRI,"Birte U Forstmann, Marcel Brass, Iring Koch",2003,https://doi.org/10.1016/j.neuropsychologia.2004.08.008,10.1016/j.neuropsychologia.2004.08.008
,Subcomponents of working memory: Studies with event-related functional magnetic resonance imaging (fMRI),"R Schlosser, B Forstmann, S Kohler, M Friederich, M Bolz, JR Reichenbach, G Vucurevic, P Stoeter, H Sauer",2003,https://doi.org/10.35802/069830,10.35802/069830
,Projekte des Teilgebietes „ZNS “,"A Tropine, S Hunsche, G Vucurevic, N Hopf, J Bohl, P Stoeter, Diffusion Tensor Imaging DTI bei Hirntumoren, E Sugiono, G Vucurevic, F Müth, I Schnell, K Thieme, P Grunert, P Gutjahr, J Bohl, B Reitter, J Gawehn, R Koenig, P Stoeter, PR Wille, A Fellgiebel, LG Schmidt, K Ringel, S Boor, J Gawehn, B Eicke, R Schlösser, T Gesierich, B Kaufmann, B Forstmann, S Hunsche, W Hunsche, W Rossbach, C Pfleiderer, G Kutschke, R Boor, S Bense, M Dieterich, B Janusch, T Bauermann, M Özcan, U Baumgärtner, RD Treede, S Sammet, Reizung im parasylvischen Kortex",1998,https://doi.org/10.1007/978-3-8350-9496-3_4,10.1007/978-3-8350-9496-3_4
,Urgency in value-based decision-making leads to simple strategy use via activation of the presupplementary motor cortex,"Krzysztof Bielski, Wiktor Więcławski, Kaja Szymanek, Filip Sondej, Magdalena Senderecka, Birte Forstmann, Szymon Wichary",nan,https://doi.org/10.31234/osf.io/fzs92_v2,10.31234/osf.io/fzs92_v2
fCv1lSsAAAAJ:1yQoGdGgb4wC,README. md,"Steven Miletic, Niek Stevenson, Pierre-Louis Bazin, Anneke Alkemade, Scott Isherwood, Anne Trutti, Birte Forstmann",nan,https://doi.org/10.1061/geosek.0000328,10.1061/geosek.0000328
fCv1lSsAAAAJ:tkaPQYYpVKoC,A 3D nigrosome atlas based on multi-modal histology and multi-parametric quantitative MRI,"Malte Brammerloh, Evgeniya Kirilina, Anneke Alkemade, Pierre-Louis Bazin, Caroline Jantzen, Sara Schaumberg, Carsten Jäger, Andreas Herrler, Kerrin J Pine, Markus Morawski, Birte Forstmann, Nikolaus Weiskopf",nan,https://doi.org/10.58530/2023/1390,10.58530/2023/1390
f2Q565cAAAAJ:ULOm3_A8WrAC,Speed and accuracy in learning: A combined Q-learning diffusion decision model analysis,"Steven Miletić, Russell J Boag, Varvara Mathiopoulou, Birte U Forstmann",nan,https://doi.org/10.32470/ccn.2019.1200-0,10.32470/ccn.2019.1200-0
,Echoes from intrinsic connectivity networks in,"Josephine M Groot, Steven Miletic, Scott JS Isherwood, Desmond HY Tse, Sarah Habli, Asta K Håberg, Birte U Forstmann, Pierre-Louis Bazin, Matthias Mittner",nan,https://doi.org/10.31234/osf.io/xr25q,10.31234/osf.io/xr25q
32480037,Supplementary materials to: fMRI protocol optimization for simultaneously studying small subcortical and cortical areas at 7 T,"S Miletić, PL Bazin, N Weiskopf, W Van der Zwaag, BU Forstmann, R Trampel",2020,https://doi.org/10.1016/j.neuroimage.2020.116992,10.1016/j.neuroimage.2020.116992
,A unified model for simultaneous reconstruction and R2* mapping of accelerated 7T data using the Recurrent Inference Machine,"Chaoping Zhang, Dirk Poot, Bram Coolen, Hugo Vrenken, Pierre-Louis Bazin, Birte Forstmann, Matthan WA Caan",nan,https://doi.org/10.1016/j.neuroimage.2022.119680,10.1016/j.neuroimage.2022.119680
,"Anneke Alkemade, PhD Integrative Model-based Cognitive Neuroscience (IMCN) research unit University of Amsterdam Nieuwe Achtergracht 129B| Room G3. 08","Bethany R Isaacs, Martijn J Mulder, Josephine M Groot, Nikita van Berendonk, Nicky Lute, Pierre-Louis Bazin, Birte U Forstmann",nan,https://doi.org/10.1101/2020.07.02.184275,10.1101/2020.07.02.184275
31733237,Mutual benefits: Combining reinforcement learning with sequential sampling models,"Russell J Boag, Steven Miletić, Varvara Mathiopoulou, Birte U Forstmann",2020,https://doi.org/10.1016/j.neuropsychologia.2019.107261,10.1016/j.neuropsychologia.2019.107261
,The Striatum Facilitates Decision-Making under Time Pressure,"Birte U Forstmann, Gilles Dutilh, Scott Brown, Jane Neumann, D Yves von Cramon, K Richard Ridderinkhof, Eric-Jan Wagenmakers",nan,https://doi.org/10.1073/pnas.0805903105,10.1073/pnas.0805903105
,RESEARCH OUTPUT,"N Axmacher, MX Cohen, J Fell, S Haupt, M Dümpelmann, CE Elger, TE Schlaepfer, D Lenartz, V Sturm, C Ranganath, B Bermond, DJ Bierman, MA Cladder, PP Moormann, HC Vorst, YS Bonneh, TH Donner, D Sagi, M Fried, A Cooperman, DJ Heeger, SR Borgwaldt, P Bolger, E Jakab",nan,https://doi.org/10.1093/benz/9780199773787.article.b00009179,10.1093/benz/9780199773787.article.b00009179
,Inter-individual differences in behavior and cognition predicted by local brain structure: A strictly confirmatory replication study,"Wouter Boekel, Eric-Jan Wagenmakers, Luam Belay, Josine Verhagen, Scott Brown, Birte Forstmann",nan,https://doi.org/10.1016/j.cortex.2014.11.019,10.1016/j.cortex.2014.11.019
,RESEARCH OUTPUT,"B Bermond, PP Moormann, F Albach, A van Dijke, R Righart, KR Ridderinkhof, MX Cohen, S Haupt, CE Elger, J Fell, JJ Fahrenfort, HS Scholte, VAF Lamme, BU Forstmann, G Dutilh, S Brown, J Neumann, DY von Cramon, S Jahfari, U Wolfensteller, W Wildenberg, WP Wildenberg, J Derrfuss, M Brass",nan,https://doi.org/10.1093/benz/9780199773787.article.b00017390,10.1093/benz/9780199773787.article.b00017390
,TOPIC CORRESPONDENCE,"Max C Keuken, Andreas Schäfer, Birte U Forstmann",nan,https://doi.org/10.1007/978-1-4939-2236-9_4,10.1007/978-1-4939-2236-9_4
,Supplemental Material for” Similarity and number of alternatives in the random-dot motion paradigm”,"Leendert van Maanen, Raoul PPP Grasman, Birte U Forstmann, Max C Keuken, Scott D Brown, Eric-Jan Wagenmakers",nan,https://doi.org/10.1037/e512592013-553,10.1037/e512592013-553
,Ŧ Corresponding author,"Gilles de Hollander, Ludovica Labruna, Roberta Sellaro, Anne Trutti, Lorenza S Colzato, Roger Ratcliff, Richard B Ivry, Birte U Forstmann",nan,https://doi.org/10.7554/elife.66161.sa2,10.7554/elife.66161.sa2
,Explicit modeling of the hemodynamic response in linking cognitive computational models to fMRI data,"Gilles de Hollander, Birte U Forstmann, Scott D Brown",nan,https://doi.org/10.1016/j.bpsc.2015.11.004,10.1016/j.bpsc.2015.11.004
,Automatic segmentation of the striatum and globus pallidus using MIST: 2 Multimodal image segmentation tool,"Philippe Remy, Birte U Forstmann, Mark Jenkinson",nan,https://doi.org/10.1016/j.neuroimage.2015.10.013,10.1016/j.neuroimage.2015.10.013
,Volitional task set selection: An investigation with fMRI,"Birte U Forstmann, Marcel Brass, Iring Koch, D Yves von Cramon",nan,https://doi.org/10.1016/j.neuropsychologia.2004.08.008,10.1016/j.neuropsychologia.2004.08.008
,Comparing different cue types in task switching,"Birte U Forstmann, Iring Koch, Marcel Braß, D Yves von Cramon",nan,https://doi.org/10.1007/s00426-005-0040-4,10.1007/s00426-005-0040-4
,Behavioural and neural correlates of endogenous control in task-switching,Birte U Forstmann,nan,https://doi.org/10.3389/conf.fnhum.2011.207.00389,10.3389/conf.fnhum.2011.207.00389
,The choice is up to you! Context-dependent voluntary task set selection revealed by fMRI,"Birte U Forstmann, Uta Wolfensteller, Jan Derrfuss, Jane Neumann, Marcel Brass, Richard Ridderinkhof, D Yves von Cramon",nan,https://doi.org/10.1162/jocn.2006.18.3.388,10.1162/jocn.2006.18.3.388
,Neural correlates of endogenous control in task-switching,Birte U Forstmann,nan,https://doi.org/10.3389/conf.fnhum.2011.207.00389,10.3389/conf.fnhum.2011.207.00389
,Combining RT distribution analysis and fMRI: Processing dynamics in the Simon task,Birte U Forstmann,nan,https://doi.org/10.1037/e512682013-126,10.1037/e512682013-126
,Voluntary task set selection: An investigation with fMRI,Birte U Forstmann,nan,https://doi.org/10.1016/j.neuropsychologia.2004.08.008,10.1016/j.neuropsychologia.2004.08.008
,Neural correlates of voluntary selection processes in task switching,Birte U Forstmann,nan,https://doi.org/10.1162/jocn.2006.18.3.388,10.1162/jocn.2006.18.3.388
,Endogenous control processes in task switching,Birte U Forstmann,nan,https://doi.org/10.1007/s00426-005-0040-4,10.1007/s00426-005-0040-4
,Neuronale Korrelate endogener Kontrollprozesse untersucht mit dem Aufgabenwechselparadigma,Birte U Forstmann,nan,https://doi.org/10.1159/000092976,10.1159/000092976
,Iron gradients in the subthalamic nucleus in the in-vivo and postmortem brain,"Gilles de Hollander, Max C Keuken, Pierre-Louis Bazin, Marcel Weiss, Jane Neumann, Katja Reimann, Miriam Wähnert, Robert Turner, Birte U Forstmann, Andreas Schäfer",nan,https://doi.org/10.1002/hbm.22485,10.1002/hbm.22485
,246 The Interactive Account of ventral occipitotemporal contributions to reading 254 The unique role of the visual word form area in reading,"Christoph Eisenegger, Johannes Haushofer, Ernst Fehr, Birte U Forstmann, Eric-Jan Wagenmakers, Tom Eichele, Scott Brown, John T Serences, Marian Joëls, Guillen Fernandez, Benno Roozendaal",nan,https://doi.org/10.1016/j.tics.2011.04.001,10.1016/j.tics.2011.04.001
,The Influence of Emotion on Inhibition: Do Individual Differences in Emotion Processing Play a Role?,"Angelos–Miltiadis Krypotos, Sara Jahfari, Vanessa van Ast, Birte Forstmann",nan,https://doi.org/10.31234/osf.io/hwex2,10.31234/osf.io/hwex2
,dummy text Action Video Games Do Not Improve The Speed of Information Processing in Simple Perceptual Tasks,"Don van Ravenzwaaij, Wouter Boekel, Birte U Forstmann, Roger Ratcliff, Eric-Jan Wagenmakers",nan,https://doi.org/10.1037/a0036923.supp,10.1037/a0036923.supp
,Neural correlates of trial-to-trial fluctuations in response caution Abbreviated title: Neural correlates of trial-to-trial fluctuations,"Leendert van Maanen, Scott D Brown, Tom Eichele, Tiffany Ho Wagenmakers, John Serences, Birte U Forstmann",nan,https://doi.org/10.1523/jneurosci.2924-11.2011,10.1523/jneurosci.2924-11.2011
f2Q565cAAAAJ:Tyk-4Ss8FVUC,How to control for confounds in decoding analyses of neuroimaging data,"Lukas Snoek, Steven Miletić, H Steven Scholte",2019,https://doi.org/10.1101/290684,10.1101/290684
f2Q565cAAAAJ:qjMakFHDy7sC,Caution in decision-making under time pressure is mediated by timing ability,"Steven Miletić, Leendert van Maanen",2019,https://doi.org/10.1016/j.cogpsych.2019.01.002,10.1016/j.cogpsych.2019.01.002
f2Q565cAAAAJ:YsMSGLbcyi4C,Core body temperature speeds up temporal processing and choice behavior under deadlines,"Leendert van Maanen, Robbert Van der Mijn, Maurice HPH van Beurden, Linsey MM Roijendijk, Boris RM Kingma, Steven Miletić, Hedderik Van Rijn",2019,https://doi.org/10.1038/s41598-019-46073-3,10.1038/s41598-019-46073-3
f2Q565cAAAAJ:u5HHmVD_uO8C,The interpretation of behavior-model correlations in unidentified cognitive models,"Leendert van Maanen, Steven Miletić",2021,https://doi.org/10.3758/s13423-020-01783-y,10.3758/s13423-020-01783-y
f2Q565cAAAAJ:W7OEmFMy1HYC,Neural evidence for a role of urgency in the Speed-Accuracy Trade-off in perceptual Decision-Making,Steven Miletić,2016,https://doi.org/10.1523/jneurosci.0894-16.2016,10.1523/jneurosci.0894-16.2016
f2Q565cAAAAJ:L8Ckcad2t8MC,Interpretation of individual differences in computational neuroscience using a latent input approach,"Jessica V Schaaf, Steven Miletić, Anna CK van Duijvenvoorde, Hilde M Huizenga",2025,https://doi.org/10.1016/j.dcn.2025.101512,10.1016/j.dcn.2025.101512
f2Q565cAAAAJ:mB3voiENLucC,Investigating working memory updating processes of the human subcortex using 7 Tesla fMRI,"Anne C Trutti, Zsuzsika Sjoerds, Russell J Boag, Solenn LY Walstra, Steven Miletić, Scott SJ Isherwood, Pierre-Louis Bazin, Bernhard Hommel, Sarah Habli, Desmond HY Tse, Asta K Håberg, Birte U Forstmann",2024,https://doi.org/10.7554/elife.97874.1.sa1,10.7554/elife.97874.1.sa1
f2Q565cAAAAJ:0EnyYjriUFMC,Modelling structure and function of the human subcortex,S Miletić,2023,https://doi.org/10.1038/s41598-018-33796-y,10.1038/s41598-018-33796-y
f2Q565cAAAAJ:dhFuZR0502QC,Pupil-linked arousal counteracts the positive effects of reward anticipation on incidental memory encoding,"Beth Lloyd, Steven Miletić, Sander Nieuwenhuis",2025,https://doi.org/10.2139/ssrn.5080913,10.2139/ssrn.5080913
f2Q565cAAAAJ:e5wmG9Sq2KIC,Interpretation of Individual Differences in Cognitive Computational Neuroscience,"Jessica V Schaaf, Steven Miletic, Anna CK van Duijvenvoorde, Hilde M Huizenga",nan,https://doi.org/10.1016/j.dcn.2025.101512,10.1016/j.dcn.2025.101512
f2Q565cAAAAJ:qUcmZB5y_30C,"Trutti,. C., & Forstmann, BU (2024). Toward a model-based cogniti e neuroscience of working memor subprocesses","R Boag, S Miletić",nan,https://doi.org/10.1007/978-3-031-45271-0_11,10.1007/978-3-031-45271-0_11
fCv1lSsAAAAJ:hFOr9nPyWt4C,Simultaneous changes in central and peripheral components of the hypothalamus-pituitary-thyroid axis in lipopolysaccharide (LPS)-induced acute illness in mice,"A Boelen, J Kwakkel, DC Thijssen-Timmer, A Alkemade, E Fliers, WM Wiersinga",2004,https://doi.org/10.1677/joe.0.1820315,10.1677/joe.0.1820315
fCv1lSsAAAAJ:mB3voiENLucC,Neuroanatomical pathways for thyroid hormone feedback in the human hypothalamus,"Anneke Alkemade, Edith C Friesema, Unga A Unmehopa, Babs O Fabriek, George G Kuiper, Jack L Leonard, Wilmar M Wiersinga, Dick F Swaab, Theo J Visser, Eric Fliers",2005,https://doi.org/10.3389/fnana.2015.00015,10.3389/fnana.2015.00015
fCv1lSsAAAAJ:e5wmG9Sq2KIC,Hypermetabolism in mice caused by the central action of an unliganded thyroid hormone receptor α1,"Maria Sjögren, Anneke Alkemade, Jens Mittag, Kristina Nordström, Abram Katz, Björn Rozell, Håkan Westerblad, Anders Arner, Björn Vennström",2007,https://doi.org/10.1038/sj.emboj.7601882,10.1038/sj.emboj.7601882
fCv1lSsAAAAJ:HDshCWvjkbEC,Hypothalamic thyroid hormone feedback in health and disease,"Eric Fliers, Anneke Alkemade, Wilmar M Wiersinga, Dick F Swaab",2006,https://doi.org/10.1016/s0079-6123(06)53011-0,10.1016/s0079-6123(06)53011-0
fCv1lSsAAAAJ:GnPB-g6toBAC,Hypothalamic neuropeptide Y (NPY) controls hepatic VLDL-triglyceride secretion in rats via the sympathetic nervous system,"Eveline Bruinstroop, Lei Pei, Mariëtte T Ackermans, Ewout Foppen, Anke J Borgers, Joan Kwakkel, Anneke Alkemade, Eric Fliers, Andries Kalsbeek",2012,https://doi.org/10.2337/db11-1142,10.2337/db11-1142
fCv1lSsAAAAJ:R3hNpaxXUhUC,Induction of type 3 deiodinase activity in inflammatory cells of mice with chronic local inflammation,"Anita Boelen, Joan Kwakkel, Anneke Alkemade, Rosemarijn Renckens, Ellen Kaptein, George Kuiper, WM Wiersinga, TJ Visser",2005,https://doi.org/10.1210/en.2005-0608,10.1210/en.2005-0608
fCv1lSsAAAAJ:j3f4tGmQtD8C,Glucocorticoids decrease thyrotropin-releasing hormone messenger ribonucleic acid expression in the paraventricular nucleus of the human hypothalamus,"A Alkemade, UA Unmehopa, WM Wiersinga, DF Swaab, E Fliers",2005,https://doi.org/10.1210/jc.2004-1430,10.1210/jc.2004-1430
fCv1lSsAAAAJ:lSLTfruPkqcC,Thyroid hormone is required for hypothalamic neurons regulating cardiovascular functions,"Jens Mittag, David J Lyons, Johan Sällström, Milica Vujovic, Susi Dudazy-Gralla, Amy Warner, Karin Wallis, Anneke Alkemade, Kristina Nordström, Hannah Monyer, Christian Broberger, Anders Arner, Björn Vennström",2012,https://doi.org/10.1172/jci65252,10.1172/jci65252
fCv1lSsAAAAJ:4JMBOYKVnBMC,Functional neuroanatomy of thyroid hormone feedback in the human hypothalamus and pituitary gland,"Eric Fliers, Unga A Unmehopa, Anneke Alkemade",2006,https://doi.org/10.1016/j.mce.2006.03.042,10.1016/j.mce.2006.03.042
fCv1lSsAAAAJ:TQgYirikUcIC,The hypothalamic-pituitary-thyroid axis in critical illness,"E Fliers, A Alkemade, WM Wiersinga",2001,https://doi.org/10.1053/beem.2001.0163,10.1053/beem.2001.0163
fCv1lSsAAAAJ:YFjsv_pBGBYC,Glucocorticoid signaling in the arcuate nucleus modulates hepatic insulin sensitivity,"Chun-Xia Yi, Ewout Foppen, William Abplanalp, Yuanqing Gao, Anneke Alkemade, Susanne E La Fleur, Mireille J Serlie, Eric Fliers, Ruud M Buijs, Matthias H Tschöp, Andries Kalsbeek",2012,https://doi.org/10.2337/db11-1239,10.2337/db11-1239
fCv1lSsAAAAJ:J_g5lzvAfSwC,Melanocortin 4 receptor distribution in the human hypothalamus,"Jacqueline E Siljee, Unga A Unmehopa, Andries Kalsbeek, Dick F Swaab, Eric Fliers, Anneke Alkemade",2013,https://doi.org/10.1530/eje-12-0750,10.1530/eje-12-0750
fCv1lSsAAAAJ:RGFaLdJalmkC,High calorie diet triggers hypothalamic angiopathy,"Chun-Xia Yi, Martin Gericke, Martin Krüger, Anneke Alkemade, Dhiraj G Kabra, Sophie Hanske, Jessica Filosa, Paul Pfluger, Nathan Bingham, Stephen C Woods, James Herman, Andries Kalsbeek, Marcus Baumann, Richard Lang, Javier E Stern, Ingo Bechmann, Matthias H Tschöp",2012,https://doi.org/10.3410/f.717959862.793463063,10.3410/f.717959862.793463063
fCv1lSsAAAAJ:_Qo2XoVZTnwC,Novel neuroanatomical pathways for thyroid hormone action in the human anterior pituitary,"Anneke Alkemade, Edith C Friesema, George G Kuiper, Wilmar M Wiersinga, Dick F Swaab, Theo J Visser, Eric Fliers",2006,https://doi.org/10.1530/eje.1.02111,10.1530/eje.1.02111
fCv1lSsAAAAJ:isC4tDSrTZIC,Pituitary adenylate cyclase-activating polypeptide stimulates glucose production via the hepatic sympathetic innervation in rats,"Chun-Xia Yi, Ning Sun, Mariette T Ackermans, Anneke Alkemade, Ewout Foppen, Jing Shi, Mireille J Serlie, Ruud M Buijs, Eric Fliers, Andries Kalsbeek",2010,https://doi.org/10.2337/db09-1398,10.2337/db09-1398
fCv1lSsAAAAJ:iH-uZ7U-co4C,Expression of thyroid hormone transporters in the human hypothalamus,"Anneke Alkemade, Edith CH Friesema, Andries Kalsbeek, Dick F Swaab, Theo J Visser, Eric Fliers",2011,https://doi.org/10.1210/jc.2010-2750,10.1210/jc.2010-2750
fCv1lSsAAAAJ:eflP2zaiRacC,Measuring the iron content of dopaminergic neurons in substantia nigra with MRI relaxometry,"Malte Brammerloh, Markus Morawski, Isabel Friedrich, Tilo Reinert, Charlotte Lange, Primož Pelicon, Primož Vavpetič, Steffen Jankuhn, Carsten Jäger, Anneke Alkemade, Rawien Balesar, Kerrin Pine, Filippos Gavriilidis, Robert Trampel, Enrico Reimer, Thomas Arendt, Nikolaus Weiskopf, Evgeniya Kirilina",2021,https://doi.org/10.1101/2020.07.01.170563,10.1101/2020.07.01.170563
fCv1lSsAAAAJ:RHpTSmoSYBkC,Thyroid hormone receptor expression in the human hypothalamus and anterior pituitary,"Anneke Alkemade, Chrétienne L Vuijst, Unga A Unmehopa, Onno Bakker, Björn Vennström, Wilmar M Wiersinga, Dick F Swaab, Eric Fliers",2005,https://doi.org/10.1210/jc.2004-0474,10.1210/jc.2004-0474
fCv1lSsAAAAJ:M3NEmzRMIkIC,"AgRP and NPY expression in the human hypothalamic infundibular nucleus correlate with body mass index, whereas changes in αMSH are related to type 2 diabetes","Anneke Alkemade, Chun-Xia Yi, Lei Pei, Magdalena Harakalova, Dick F Swaab, Susanne E la Fleur, Eric Fliers, Andries Kalsbeek",2012,https://doi.org/10.1210/jc.2011-3259,10.1210/jc.2011-3259
fCv1lSsAAAAJ:ns9cj8rnVeAC,Acute peripheral but not central administration of olanzapine induces hyperglycemia associated with hepatic and extra-hepatic insulin resistance,"Elodie M Girault, Anneke Alkemade, Ewout Foppen, Mariëtte T Ackermans, Eric Fliers, Andries Kalsbeek",2012,https://doi.org/10.1371/journal.pone.0043244,10.1371/journal.pone.0043244
fCv1lSsAAAAJ:b0M2c_1WBrUC,Decreased hypothalamic glucagon-like peptide-1 receptor expression in type 2 diabetes patients,"Jennifer S Ten Kulve, Liselotte van Bloemendaal, Rawien Balesar, Richard G IJzerman, Dick F Swaab, Michaela Diamant, Susanne E la Fleur, Anneke Alkemade",2016,https://doi.org/10.1210/jc.2015-3291,10.1210/jc.2015-3291
fCv1lSsAAAAJ:r0BpntZqJG4C,Decreased thyrotropin-releasing hormone gene expression in the hypothalamic paraventricular nucleus of patients with major depression,"A Alkemade, UA Unmehopa, JP Brouwer, WJG Hoogendijk, WM Wiersinga, DF Swaab, E Fliers",2003,https://doi.org/10.1038/sj.mp.4001364,10.1038/sj.mp.4001364
fCv1lSsAAAAJ:O3NaXMp0MMsC,Thyroid hormone transporters and deiodinases in the developing human hypothalamus,"Edith CH Friesema, Theo J Visser, Anke J Borgers, Andries Kalsbeek, Dick F Swaab, Eric Fliers, Anneke Alkemade",2012,https://doi.org/10.1530/eje-12-0177,10.1530/eje-12-0177
fCv1lSsAAAAJ:TFP_iSt0sucC,Central and peripheral effects of thyroid hormone signalling in the control of energy metabolism,A Alkemade,2010,https://doi.org/10.1111/j.1365-2826.2009.01932.x,10.1111/j.1365-2826.2009.01932.x
fCv1lSsAAAAJ:pqnbT2bcN3wC,Subdivisions and anatomical boundaries of the subthalamic nucleus,Anneke Alkemade,2013,https://doi.org/10.1523/jneurosci.1266-13.2013,10.1523/jneurosci.1266-13.2013
fCv1lSsAAAAJ:a0OBvERweLwC,Thyroid hormone and the developing hypothalamus,Anneke Alkemade,2015,https://doi.org/10.3389/fnana.2015.00015,10.3389/fnana.2015.00015
fCv1lSsAAAAJ:4OULZ7Gr8RgC,Decreased serotonin transporter immunoreactivity in the human hypothalamic infundibular nucleus of overweight subjects,"Anke J Borgers, Karin E Koopman, Peter H Bisschop, Mireille J Serlie, Dick F Swaab, Eric Fliers, Susanne E la Fleur, Anneke Alkemade",2014,https://doi.org/10.3389/fnins.2014.00106,10.3389/fnins.2014.00106
fCv1lSsAAAAJ:hMod-77fHWUC,Compression of the optic chiasm is associated with permanent shorter sleep duration in patients with pituitary insufficiency,"Anke J Borgers, Nico Romeijn, Eus Van Someren, Eric Fliers, Anneke Alkemade, Peter H Bisschop",2011,https://doi.org/10.1111/j.1365-2265.2011.04053.x,10.1111/j.1365-2265.2011.04053.x
fCv1lSsAAAAJ:SeFeTyx0c_EC,Determinants of vascular and cardiac baroreflex sensitivity values in a random population sample,"Anke J Borgers, Bert-Jan H van den Born, Anneke Alkemade, Daan W Eeftinck Schattenkerk, Johannes J van Lieshout, Karel H Wesseling, Peter H Bisschop, Berend E Westerhof",2014,https://doi.org/10.1007/s11517-013-1111-0,10.1007/s11517-013-1111-0
fCv1lSsAAAAJ:RYcK_YlVTxYC,Arginine vasopressin immunoreactivity is decreased in the hypothalamic suprachiasmatic nucleus of subjects with suprasellar tumors,"Anke J Borgers, Eric Fliers, Jacqueline E Siljee, Dick F Swaab, Eus JW Van Someren, Peter H Bisschop, Anneke Alkemade",2013,https://doi.org/10.1111/bpa.12016,10.1111/bpa.12016
fCv1lSsAAAAJ:70eg2SAEIzsC,Imaging of serotonin transporters with [123I]FP-CIT SPECT in the human hypothalamus,"Anke J Borgers, Anneke Alkemade, Elsmarieke M Van de Giessen, Madeleine L Drent, Jan Booij, Peter H Bisschop, Eric Fliers",2013,https://doi.org/10.1186/2191-219x-3-34,10.1186/2191-219x-3-34
fCv1lSsAAAAJ:3s1wT3WcHBgC,Chronic treatment with olanzapine increases adiposity by changing fuel substrate and causes desensitization of the acute metabolic side effects,"Elodie M Girault, Bruno Guigas, Anneke Alkemade, Ewout Foppen, Mariëtte T Ackermans, Susanne E La Fleur, Eric Fliers, Andries Kalsbeek",2014,https://doi.org/10.1007/s00210-013-0933-5,10.1007/s00210-013-0933-5
fCv1lSsAAAAJ:PELIpwtuRlgC,A roadmap towards standardized neuroimaging approaches for human thalamic nuclei,"Shailendra Segobin, Roy AM Haast, Vinod Jangir Kumar, Annalisa Lella, Anneke Alkemade, Meritxell Bach Cuadra, Emmanuel J Barbeau, Olivier Felician, Giulio Pergola, Anne-Lise Pitel, Manojkumar Saranathan, Thomas Tourdias, Michael Hornberger",2024,https://doi.org/10.1038/s41583-024-00867-1,10.1038/s41583-024-00867-1
fCv1lSsAAAAJ:NaGl4SEjCO4C,Medical history of optic chiasm compression in patients with pituitary insufficiency affects skin temperature and its relation to sleep,"Nico Romeijn, Anke J Borgers, Eric Fliers, Anneke Alkemade, Peter H Bisschop, Eus JW Van Someren",2012,https://doi.org/10.3109/07420528.2012.708000,10.3109/07420528.2012.708000
fCv1lSsAAAAJ:bEWYMUwI8FkC,Thyroid hormone signaling in the hypothalamus,"Anneke Alkemade, Theo J Visser, Eric Fliers",2008,https://doi.org/10.3389/fnana.2015.00015,10.3389/fnana.2015.00015
fCv1lSsAAAAJ:D_sINldO8mEC,Toward an early diagnostic marker of Parkinson’s: measuring iron in dopaminergic neurons with MR relaxometry,"Malte Brammerloh, Markus Morawski, Isabel Weigelt, Tilo Reinert, Charlotte Lange, Primož Pelicon, Primož Vavpetič, Steffen Jankuhn, Carsten Jäger, Anneke Alkemade, Rawien Balesar, Kerrin Pine, Filippos Gavriilidis, Robert Trampel, Enrico Reimer, Thomas Arendt, Nikolaus Weiskopf, Evgeniya Kirilina",2020,https://doi.org/10.1101/2020.07.01.170563,10.1101/2020.07.01.170563
fCv1lSsAAAAJ:BqipwSGYUEgC,A history of cranial radiotherapy is associated with a higher visceral to subcutaneous fat ratio in men with pituitary insufficiency,"Anke J Borgers, Anneke Alkemade, Henk W Venema, Eric Fliers, Peter H Bisschop",2012,https://doi.org/10.1530/eje-11-1023,10.1530/eje-11-1023
fCv1lSsAAAAJ:blknAaTinKkC,Suppressor of cytokine signaling 3 in the human hypothalamus,"Anneke Alkemade, Unga A Unmehopa, Ellen VS Hessel, Dick F Swaab, Andries Kalsbeek, Eric Fliers",2012,https://doi.org/10.1016/j.peptides.2012.03.004,10.1016/j.peptides.2012.03.004
fCv1lSsAAAAJ:VL0QpB8kHFEC,"Mesoscale imaging of the human cerebellum reveals converging regional specialization of its morphology, vasculature and cytoarchitecture","N Priovoulos, PL Bazin, EJP Brouwer, JF Mejias, MHS de Buck, A Alkemade, W van der Zwaag, MWA Caan",2025,https://doi.org/10.1101/2025.05.23.655715,10.1101/2025.05.23.655715
fCv1lSsAAAAJ:PR6Y55bgFSsC,To Pool or Not to Pool? Comparability of Multi-Protocol Ultra-High-Resolution qMRI in Healthy Brain Aging,"Mikhail Zubkov, Kerrin Pine, Pierre-Louis Bazin, Puneet Talwar, Nasrin Mortazavi, Solène Dauby, Chloé Geron, Elise Beckers, Laurent Lamalle, Christophe Phillips, Fabienne Collette, Pierre Maquet, Emilie Lommers, Anneke Alkemade, Nikolaus Weiskopf, Evgeniya Kirilina, Gilles Vandewalle",2025,https://orbi.uliege.be/bitstream/2268/335249/1/ESMRMB-2025-AsSubmitted.pdf,nan
fCv1lSsAAAAJ:dTyEYWd-f8wC,Quantitative multi-parametric mapping of human subcortex at ultrahigh field,"Kerrin Pine, Mikhail Zubkov, Pierre-Louis Bazin, Gábor Perlaki, Luke Edwards, Anneke Alkemade, Gilles Vandewalle, Evgeniya Kirilina, Nikolaus Weiskopf",2024,https://doi.org/10.58530/2024/3714,10.58530/2024/3714
fCv1lSsAAAAJ:SdhP9T11ey4C,Ultrahigh field quantitative MRI for repeatable characterization of the subcortex,"Kerrin Pine, Mikhail Zubkov, Pierre-Louis Bazin, Gábor Perlaki, Luke Edwards, Anneke Alkemade, Gilles Vandewalle, Evgeniya Kirilina, Nikolaus Weiskopf",2024,https://doi.org/10.58530/2024/3714,10.58530/2024/3714
fCv1lSsAAAAJ:9vf0nzSNQJEC,"R2*, R1 and proton density age variations in subcortical structures in young adults at 7T","Mikhail Zubkov, Kerrin Pine, Pierre-Louis Bazin, Nasrin Mortazavi, Siya Sherif, Puneet Talwar, Laurent Lamalle, Christophe Phillips, Fabienne Collette, Anneke Alkemade, Evgeniya Kirilina, Nikolaus Weiskopf, Gilles Vandewalle",2024,https://doi.org/10.1021/ic040069y.s001,10.1021/ic040069y.s001
fCv1lSsAAAAJ:Y5dfb0dijaUC,R2* age variations in subcortical structures in young adults at 7T,"Mikhail Zubkov, Kerrin Pine, Pierre-Louis Bazin, Nasrin Mortazavi, Siya Sherif, Puneet Talwar, Laurent Lamalle, Christophe Phillips, Fabienne Collette, Anneke Alkemade, Evgeniya Kirilina, Nikolaus Weiskopf, Gilles Vandewalle",2024,https://doi.org/10.1016/b978-0-323-99898-7.00018-3,10.1016/b978-0-323-99898-7.00018-3
fCv1lSsAAAAJ:5awf1xo2G04C,frontiers in REVIEW ARTICLE NEUROANATOMY published: 20 February 2015 doi: 10.3389/fnana. 2015.00015,"Anneke Alkemade, Cognition Center, Gonzalo Alvarez-Bolado, Josef Köhrle",2015,https://doi.org/10.3389/fnana.2015.00015,10.3389/fnana.2015.00015
fCv1lSsAAAAJ:dQ2og3OwTAUC,"Linking the cerebellar morphology with cytoarchitecture using motion-corrected, RF-shimmed, 7T MRI","Nikos Priovoulos, Pilou L Bazin, Emma JP Brouwer, Jorje F Mejias, Matthijs HS de Buck, Anneke Alkemade, Wietske van der Zwaag, Matthan WA Caan",nan,https://doi.org/10.58530/2025/0148,10.58530/2025/0148
fCv1lSsAAAAJ:JoZmwDi-zQgC,"Exploring the cerebellar cortical stripes in humans with 7T, motion-corrected, RF-shimmed MRI","Nikos Priovoulos, Matthan WA Caan, Emma JP Brouwer, Jorje F Mejias, Pierre Louis Bazin, Anneke Alkemade, Wietske van der Zwaag",nan,https://doi.org/10.58530/2024/0321,10.58530/2024/0321
fCv1lSsAAAAJ:bnK-pcrLprsC,Nigrosome 1 in the substantia nigra: toward unifying its definition in histology and MRI,"Malte Brammerloh¹, Evgeniya Kirilina¹, Markus Morawski, Charlotte Lange¹, Carsten Jäger¹, Anna Jauch¹, Anneke Alkemade⁴, Rawien Balesar⁴, Kerrin Pine¹, Nikolaus Weiskopf¹",nan,https://doi.org/10.58530/2023/1390,10.58530/2023/1390
